gsid,formal_name,district,station_id,year,month,rainfall_sum
194,Butwal,Rupandehi,703,1990,1,0
194,Butwal,Rupandehi,703,1990,2,41.2
194,Butwal,Rupandehi,703,1990,3,71
194,Butwal,Rupandehi,703,1990,4,42
194,Butwal,Rupandehi,703,1990,5,232.7
194,Butwal,Rupandehi,703,1990,6,323.6
194,Butwal,Rupandehi,703,1990,7,745.6
194,Butwal,Rupandehi,703,1990,8,663.1
194,Butwal,Rupandehi,703,1990,9,406.7
194,Butwal,Rupandehi,703,1990,10,334
194,Butwal,Rupandehi,703,1990,11,0
194,Butwal,Rupandehi,703,1990,12,8.5
194,Butwal,Rupandehi,703,1991,1,25
194,Butwal,Rupandehi,703,1991,2,20.4
194,Butwal,Rupandehi,703,1991,3,14.4
194,Butwal,Rupandehi,703,1991,4,28.9
194,Butwal,Rupandehi,703,1991,5,14.5
194,Butwal,Rupandehi,703,1991,6,421.1
194,Butwal,Rupandehi,703,1991,7,547.3
194,Butwal,Rupandehi,703,1991,8,539.4
194,Butwal,Rupandehi,703,1991,9,558.6
194,Butwal,Rupandehi,703,1991,10,0
194,Butwal,Rupandehi,703,1991,11,1
194,Butwal,Rupandehi,703,1991,12,49.2
194,Butwal,Rupandehi,703,1992,1,7.8
194,Butwal,Rupandehi,703,1992,2,1
194,Butwal,Rupandehi,703,1992,3,0
194,Butwal,Rupandehi,703,1992,4,4
194,Butwal,Rupandehi,703,1992,5,31
194,Butwal,Rupandehi,703,1992,6,194.8
194,Butwal,Rupandehi,703,1992,7,489.7
194,Butwal,Rupandehi,703,1992,8,501.6
194,Butwal,Rupandehi,703,1992,9,524.7
194,Butwal,Rupandehi,703,1992,10,118.2
194,Butwal,Rupandehi,703,1992,11,47
194,Butwal,Rupandehi,703,1992,12,18.5
194,Butwal,Rupandehi,703,1993,1,0
194,Butwal,Rupandehi,703,1993,2,4.6
194,Butwal,Rupandehi,703,1993,3,93.2
194,Butwal,Rupandehi,703,1993,4,40
194,Butwal,Rupandehi,703,1993,5,107.4
194,Butwal,Rupandehi,703,1993,6,301.1
194,Butwal,Rupandehi,703,1993,7,729.2
194,Butwal,Rupandehi,703,1993,8,911.1
194,Butwal,Rupandehi,703,1993,9,716.1
194,Butwal,Rupandehi,703,1993,10,1
194,Butwal,Rupandehi,703,1993,11,0
194,Butwal,Rupandehi,703,1993,12,0
194,Butwal,Rupandehi,703,1994,1,38.5
194,Butwal,Rupandehi,703,1994,2,49.8
194,Butwal,Rupandehi,703,1994,3,0
194,Butwal,Rupandehi,703,1994,4,36.8
194,Butwal,Rupandehi,703,1994,5,73.7
194,Butwal,Rupandehi,703,1994,6,393.9
194,Butwal,Rupandehi,703,1994,7,454.1
194,Butwal,Rupandehi,703,1994,8,457.7
194,Butwal,Rupandehi,703,1994,9,300.6
194,Butwal,Rupandehi,703,1994,10,0
194,Butwal,Rupandehi,703,1994,11,27
194,Butwal,Rupandehi,703,1994,12,0
194,Butwal,Rupandehi,703,1995,1,4.2
194,Butwal,Rupandehi,703,1995,2,34
194,Butwal,Rupandehi,703,1995,3,4
194,Butwal,Rupandehi,703,1995,4,0
194,Butwal,Rupandehi,703,1995,5,83.5
194,Butwal,Rupandehi,703,1995,6,570.4
194,Butwal,Rupandehi,703,1995,7,1194.4
194,Butwal,Rupandehi,703,1995,8,505.3
194,Butwal,Rupandehi,703,1995,9,474.4
194,Butwal,Rupandehi,703,1995,10,112.6
194,Butwal,Rupandehi,703,1995,11,88
194,Butwal,Rupandehi,703,1995,12,6.2
194,Butwal,Rupandehi,703,1996,1,66
194,Butwal,Rupandehi,703,1996,2,111.3
194,Butwal,Rupandehi,703,1996,3,0
194,Butwal,Rupandehi,703,1996,4,12.8
194,Butwal,Rupandehi,703,1996,5,5.6
194,Butwal,Rupandehi,703,1996,6,501.5
194,Butwal,Rupandehi,703,1996,7,1043
194,Butwal,Rupandehi,703,1996,8,835.5
194,Butwal,Rupandehi,703,1996,9,568
194,Butwal,Rupandehi,703,1996,10,108.2
194,Butwal,Rupandehi,703,1996,11,0
194,Butwal,Rupandehi,703,1996,12,0
194,Butwal,Rupandehi,703,1997,1,49.5
194,Butwal,Rupandehi,703,1997,2,0
194,Butwal,Rupandehi,703,1997,3,10
194,Butwal,Rupandehi,703,1997,4,22.6
194,Butwal,Rupandehi,703,1997,5,32
194,Butwal,Rupandehi,703,1997,6,393
194,Butwal,Rupandehi,703,1997,7,832.4
194,Butwal,Rupandehi,703,1997,8,632.8
194,Butwal,Rupandehi,703,1997,9,331
194,Butwal,Rupandehi,703,1997,10,74.7
194,Butwal,Rupandehi,703,1997,11,24
194,Butwal,Rupandehi,703,1997,12,145.4
194,Butwal,Rupandehi,703,1998,1,10
194,Butwal,Rupandehi,703,1998,2,10
194,Butwal,Rupandehi,703,1998,3,77.4
194,Butwal,Rupandehi,703,1998,4,15.2
194,Butwal,Rupandehi,703,1998,5,47
194,Butwal,Rupandehi,703,1998,6,471.2
194,Butwal,Rupandehi,703,1998,7,370
194,Butwal,Rupandehi,703,1998,8,204.4
194,Butwal,Rupandehi,703,1998,9,155.4
194,Butwal,Rupandehi,703,1998,10,38.6
194,Butwal,Rupandehi,703,1998,11,0
194,Butwal,Rupandehi,703,1998,12,0
194,Butwal,Rupandehi,703,1999,1,0
194,Butwal,Rupandehi,703,1999,2,0
194,Butwal,Rupandehi,703,1999,3,0
194,Butwal,Rupandehi,703,1999,4,22.4
194,Butwal,Rupandehi,703,1999,5,214.4
194,Butwal,Rupandehi,703,1999,6,381.1
194,Butwal,Rupandehi,703,1999,7,444.3
194,Butwal,Rupandehi,703,1999,8,267.1
194,Butwal,Rupandehi,703,1999,9,165.9
194,Butwal,Rupandehi,703,1999,10,240.2
194,Butwal,Rupandehi,703,1999,11,0
194,Butwal,Rupandehi,703,1999,12,0
194,Butwal,Rupandehi,703,2000,1,0
194,Butwal,Rupandehi,703,2000,2,17.4
194,Butwal,Rupandehi,703,2000,3,16.6
194,Butwal,Rupandehi,703,2000,4,36.2
194,Butwal,Rupandehi,703,2000,5,165.4
194,Butwal,Rupandehi,703,2000,6,549
194,Butwal,Rupandehi,703,2000,7,242.4
194,Butwal,Rupandehi,703,2000,8,356.5
194,Butwal,Rupandehi,703,2000,10,39.5
194,Butwal,Rupandehi,703,2000,11,0
194,Butwal,Rupandehi,703,2000,12,0
194,Butwal,Rupandehi,703,2001,1,0
194,Butwal,Rupandehi,703,2001,2,14.5
194,Butwal,Rupandehi,703,2001,3,39.5
194,Butwal,Rupandehi,703,2001,4,0
194,Butwal,Rupandehi,703,2001,5,180.2
194,Butwal,Rupandehi,703,2001,6,275.4
194,Butwal,Rupandehi,703,2001,7,340.5
194,Butwal,Rupandehi,703,2001,8,583.9
194,Butwal,Rupandehi,703,2001,9,585.8
194,Butwal,Rupandehi,703,2001,10,106.7
194,Butwal,Rupandehi,703,2001,11,10.6
194,Butwal,Rupandehi,703,2001,12,0
194,Butwal,Rupandehi,703,2002,1,35.3
194,Butwal,Rupandehi,703,2002,2,33.3
194,Butwal,Rupandehi,703,2002,3,8.5
194,Butwal,Rupandehi,703,2002,4,37.5
194,Butwal,Rupandehi,703,2002,5,156.3
194,Butwal,Rupandehi,703,2002,6,387.1
194,Butwal,Rupandehi,703,2002,7,463.1
194,Butwal,Rupandehi,703,2002,8,399.9
194,Butwal,Rupandehi,703,2002,9,259.3
194,Butwal,Rupandehi,703,2002,10,20.4
194,Butwal,Rupandehi,703,2002,11,21.2
194,Butwal,Rupandehi,703,2002,12,0
194,Butwal,Rupandehi,703,2003,1,0
194,Butwal,Rupandehi,703,2003,2,30.8
194,Butwal,Rupandehi,703,2003,3,0
194,Butwal,Rupandehi,703,2003,4,22.5
194,Butwal,Rupandehi,703,2003,5,10.3
194,Butwal,Rupandehi,703,2003,6,501.6
194,Butwal,Rupandehi,703,2003,7,723.7
194,Butwal,Rupandehi,703,2003,8,292.4
194,Butwal,Rupandehi,703,2003,9,367.6
194,Butwal,Rupandehi,703,2003,10,14.7
194,Butwal,Rupandehi,703,2003,11,0
194,Butwal,Rupandehi,703,2003,12,6
194,Butwal,Rupandehi,703,2004,1,31.9
194,Butwal,Rupandehi,703,2004,2,0
194,Butwal,Rupandehi,703,2004,3,243.5
194,Butwal,Rupandehi,703,2004,4,29.6
194,Butwal,Rupandehi,703,2004,5,163.5
194,Butwal,Rupandehi,703,2004,6,377.5
194,Butwal,Rupandehi,703,2004,7,583.7
194,Butwal,Rupandehi,703,2004,8,391.5
194,Butwal,Rupandehi,703,2004,9,587
194,Butwal,Rupandehi,703,2004,10,205.6
194,Butwal,Rupandehi,703,2004,11,29.2
194,Butwal,Rupandehi,703,2004,12,0
194,Butwal,Rupandehi,703,2005,1,18.4
194,Butwal,Rupandehi,703,2005,2,22.6
194,Butwal,Rupandehi,703,2005,3,19.6
194,Butwal,Rupandehi,703,2005,4,3
194,Butwal,Rupandehi,703,2005,7,72.2
194,Butwal,Rupandehi,703,2005,8,792
194,Butwal,Rupandehi,703,2005,9,194.5
194,Butwal,Rupandehi,703,2005,10,373.4
194,Butwal,Rupandehi,703,2005,11,0
194,Butwal,Rupandehi,703,2005,12,0
194,Butwal,Rupandehi,703,2006,1,14
194,Butwal,Rupandehi,703,2006,2,0
194,Butwal,Rupandehi,703,2006,3,21.6
194,Butwal,Rupandehi,703,2006,4,35.6
194,Butwal,Rupandehi,703,2006,5,205.6
194,Butwal,Rupandehi,703,2006,6,409.8
194,Butwal,Rupandehi,703,2006,7,841.7
194,Butwal,Rupandehi,703,2006,8,560.5
194,Butwal,Rupandehi,703,2006,9,604.9
194,Butwal,Rupandehi,703,2006,10,74.8
194,Butwal,Rupandehi,703,2006,11,0
194,Butwal,Rupandehi,703,2007,2,83.7
194,Butwal,Rupandehi,703,2007,3,28
194,Butwal,Rupandehi,703,2007,4,5.6
194,Butwal,Rupandehi,703,2007,5,134.3
194,Butwal,Rupandehi,703,2007,6,128.5
194,Butwal,Rupandehi,703,2007,7,869.8
194,Butwal,Rupandehi,703,2007,8,474
194,Butwal,Rupandehi,703,2007,9,743.3
194,Butwal,Rupandehi,703,2007,10,65.1
194,Butwal,Rupandehi,703,2007,11,0
194,Butwal,Rupandehi,703,2007,12,0
194,Butwal,Rupandehi,703,2008,1,8.8
194,Butwal,Rupandehi,703,2008,2,1.8
194,Butwal,Rupandehi,703,2008,3,0
194,Butwal,Rupandehi,703,2008,4,5.5
194,Butwal,Rupandehi,703,2008,5,157.7
194,Butwal,Rupandehi,703,2008,6,586.3
194,Butwal,Rupandehi,703,2008,7,530
194,Butwal,Rupandehi,703,2008,8,652.6
194,Butwal,Rupandehi,703,2008,9,218.6
194,Butwal,Rupandehi,703,2008,10,12.6
194,Butwal,Rupandehi,703,2008,11,0
194,Butwal,Rupandehi,703,2009,1,0
194,Butwal,Rupandehi,703,2009,2,0
194,Butwal,Rupandehi,703,2009,3,0
194,Butwal,Rupandehi,703,2009,4,0
194,Butwal,Rupandehi,703,2009,5,176.5
194,Butwal,Rupandehi,703,2009,6,151
194,Butwal,Rupandehi,703,2009,7,522.3
194,Butwal,Rupandehi,703,2009,8,554.9
194,Butwal,Rupandehi,703,2009,9,136.3
194,Butwal,Rupandehi,703,2009,10,73.1
194,Butwal,Rupandehi,703,2009,11,0
194,Butwal,Rupandehi,703,2009,12,0
194,Butwal,Rupandehi,703,2010,1,6
194,Butwal,Rupandehi,703,2010,2,20.1
194,Butwal,Rupandehi,703,2010,3,0
194,Butwal,Rupandehi,703,2010,4,13.4
194,Butwal,Rupandehi,703,2010,5,130.4
194,Butwal,Rupandehi,703,2010,6,275.4
194,Butwal,Rupandehi,703,2010,7,940.7
194,Butwal,Rupandehi,703,2010,8,987.5
194,Butwal,Rupandehi,703,2010,9,405.6
194,Butwal,Rupandehi,703,2010,10,128.2
194,Butwal,Rupandehi,703,2010,11,0
194,Butwal,Rupandehi,703,2010,12,0
194,Butwal,Rupandehi,703,2011,1,8.6
194,Butwal,Rupandehi,703,2011,2,24.2
194,Butwal,Rupandehi,703,2011,3,4.6
194,Butwal,Rupandehi,703,2011,4,91.2
194,Butwal,Rupandehi,703,2011,5,142.3
194,Butwal,Rupandehi,703,2011,6,465.3
194,Butwal,Rupandehi,703,2011,7,624.9
194,Butwal,Rupandehi,703,2011,8,516.5
194,Butwal,Rupandehi,703,2011,9,126.4
194,Butwal,Rupandehi,703,2011,10,0
194,Butwal,Rupandehi,703,2011,11,56.8
194,Butwal,Rupandehi,703,2011,12,0
194,Butwal,Rupandehi,703,2012,1,0
194,Butwal,Rupandehi,703,2012,2,0
194,Butwal,Rupandehi,703,2012,3,0
194,Butwal,Rupandehi,703,2012,4,67.8
194,Butwal,Rupandehi,703,2012,5,17.8
194,Butwal,Rupandehi,703,2012,6,69.8
194,Butwal,Rupandehi,703,2012,7,475.7
194,Butwal,Rupandehi,703,2012,8,401.3
194,Butwal,Rupandehi,703,2012,9,191.5
194,Butwal,Rupandehi,703,2012,10,0
194,Butwal,Rupandehi,703,2012,11,0
194,Butwal,Rupandehi,703,2012,12,0
194,Butwal,Rupandehi,703,2013,1,1
194,Butwal,Rupandehi,703,2013,2,88.6
194,Butwal,Rupandehi,703,2013,3,119.9
194,Butwal,Rupandehi,703,2013,4,103
194,Butwal,Rupandehi,703,2013,5,100.4
194,Butwal,Rupandehi,703,2013,6,662.3
194,Butwal,Rupandehi,703,2013,7,535.1
194,Butwal,Rupandehi,703,2013,8,329.4
194,Butwal,Rupandehi,703,2013,9,82.5
194,Butwal,Rupandehi,703,2013,10,12.6
194,Butwal,Rupandehi,703,2013,11,0
194,Butwal,Rupandehi,703,2013,12,0
194,Butwal,Rupandehi,703,2014,1,22.9
194,Butwal,Rupandehi,703,2014,2,56.4
194,Butwal,Rupandehi,703,2014,3,0
194,Butwal,Rupandehi,703,2014,4,0
194,Butwal,Rupandehi,703,2014,5,131.4
194,Butwal,Rupandehi,703,2014,6,497.1
194,Butwal,Rupandehi,703,2014,7,778
194,Butwal,Rupandehi,703,2014,8,891.3
194,Butwal,Rupandehi,703,2014,9,218.2
194,Butwal,Rupandehi,703,2014,10,113
194,Butwal,Rupandehi,703,2014,11,0
194,Butwal,Rupandehi,703,2014,12,17.8
194,Butwal,Rupandehi,703,2015,1,54.5
194,Butwal,Rupandehi,703,2015,2,12.2
194,Butwal,Rupandehi,703,2015,3,180
194,Butwal,Rupandehi,703,2015,4,107.8
194,Butwal,Rupandehi,703,2015,5,42.2
194,Butwal,Rupandehi,703,2015,6,271.7
194,Butwal,Rupandehi,703,2015,7,569.2
194,Butwal,Rupandehi,703,2015,8,854.2
194,Butwal,Rupandehi,703,2015,9,291.6
194,Butwal,Rupandehi,703,2015,10,38.8
194,Butwal,Rupandehi,703,2015,11,0
194,Butwal,Rupandehi,703,2015,12,0
194,Butwal,Rupandehi,703,2016,1,8.8
194,Butwal,Rupandehi,703,2016,2,7.2
194,Butwal,Rupandehi,703,2016,3,6.9
194,Butwal,Rupandehi,703,2016,4,4.6
194,Butwal,Rupandehi,703,2016,5,99.4
194,Butwal,Rupandehi,703,2016,6,277.8
194,Butwal,Rupandehi,703,2016,7,1476.2
194,Butwal,Rupandehi,703,2016,8,213
194,Butwal,Rupandehi,703,2016,9,1098.6
194,Butwal,Rupandehi,703,2016,10,175.6
194,Butwal,Rupandehi,703,2016,11,0
194,Butwal,Rupandehi,703,2016,12,0
194,Butwal,Rupandehi,703,2017,1,30.4
194,Butwal,Rupandehi,703,2017,2,0
194,Butwal,Rupandehi,703,2017,3,37.6
194,Butwal,Rupandehi,703,2017,4,18.2
194,Butwal,Rupandehi,703,2017,5,133.4
194,Butwal,Rupandehi,703,2017,6,295.2
194,Butwal,Rupandehi,703,2017,7,948.3
194,Butwal,Rupandehi,703,2017,8,1512
194,Butwal,Rupandehi,703,2017,9,520.4
194,Butwal,Rupandehi,703,2017,10,23.6
194,Butwal,Rupandehi,703,2017,11,6.4
194,Butwal,Rupandehi,703,2017,12,0
8,Dadeldhura,Dadeldhura,104,1990,1,0
8,Dadeldhura,Dadeldhura,104,1990,2,143.3
8,Dadeldhura,Dadeldhura,104,1990,3,131
8,Dadeldhura,Dadeldhura,104,1990,4,31.7
8,Dadeldhura,Dadeldhura,104,1990,5,174.1
8,Dadeldhura,Dadeldhura,104,1990,6,61.7
8,Dadeldhura,Dadeldhura,104,1990,7,512.3
8,Dadeldhura,Dadeldhura,104,1990,8,365.2
8,Dadeldhura,Dadeldhura,104,1990,9,120
8,Dadeldhura,Dadeldhura,104,1990,10,23.2
8,Dadeldhura,Dadeldhura,104,1990,11,1.3
8,Dadeldhura,Dadeldhura,104,1990,12,77.2
8,Dadeldhura,Dadeldhura,104,1991,1,29.3
8,Dadeldhura,Dadeldhura,104,1991,2,77.9
8,Dadeldhura,Dadeldhura,104,1991,3,74.3
8,Dadeldhura,Dadeldhura,104,1991,4,80.5
8,Dadeldhura,Dadeldhura,104,1991,5,38.8
8,Dadeldhura,Dadeldhura,104,1991,6,154.3
8,Dadeldhura,Dadeldhura,104,1991,7,247.1
8,Dadeldhura,Dadeldhura,104,1991,8,505.5
8,Dadeldhura,Dadeldhura,104,1991,9,113.3
8,Dadeldhura,Dadeldhura,104,1991,10,0.4
8,Dadeldhura,Dadeldhura,104,1991,11,6.7
8,Dadeldhura,Dadeldhura,104,1991,12,39.5
8,Dadeldhura,Dadeldhura,104,1992,1,73.4
8,Dadeldhura,Dadeldhura,104,1992,2,43.7
8,Dadeldhura,Dadeldhura,104,1992,3,4.6
8,Dadeldhura,Dadeldhura,104,1992,4,21.2
8,Dadeldhura,Dadeldhura,104,1992,5,90.3
8,Dadeldhura,Dadeldhura,104,1992,6,171.5
8,Dadeldhura,Dadeldhura,104,1992,7,172.5
8,Dadeldhura,Dadeldhura,104,1992,8,170.6
8,Dadeldhura,Dadeldhura,104,1992,9,201.1
8,Dadeldhura,Dadeldhura,104,1992,10,27
8,Dadeldhura,Dadeldhura,104,1992,11,9.5
8,Dadeldhura,Dadeldhura,104,1992,12,0.7
8,Dadeldhura,Dadeldhura,104,1993,1,60.6
8,Dadeldhura,Dadeldhura,104,1993,2,48.4
8,Dadeldhura,Dadeldhura,104,1993,3,127.4
8,Dadeldhura,Dadeldhura,104,1993,4,19.6
8,Dadeldhura,Dadeldhura,104,1993,5,115.7
8,Dadeldhura,Dadeldhura,104,1993,6,275.7
8,Dadeldhura,Dadeldhura,104,1993,7,219.8
8,Dadeldhura,Dadeldhura,104,1993,8,269.1
8,Dadeldhura,Dadeldhura,104,1993,9,418.9
8,Dadeldhura,Dadeldhura,104,1993,10,0
8,Dadeldhura,Dadeldhura,104,1993,11,0
8,Dadeldhura,Dadeldhura,104,1993,12,0
8,Dadeldhura,Dadeldhura,104,1994,1,39.5
8,Dadeldhura,Dadeldhura,104,1994,2,77.7
8,Dadeldhura,Dadeldhura,104,1994,3,7.1
8,Dadeldhura,Dadeldhura,104,1994,4,52.3
8,Dadeldhura,Dadeldhura,104,1994,5,118.6
8,Dadeldhura,Dadeldhura,104,1994,6,235.8
8,Dadeldhura,Dadeldhura,104,1994,7,389.8
8,Dadeldhura,Dadeldhura,104,1994,8,266.2
8,Dadeldhura,Dadeldhura,104,1994,9,46.9
8,Dadeldhura,Dadeldhura,104,1994,10,0
8,Dadeldhura,Dadeldhura,104,1994,11,0
8,Dadeldhura,Dadeldhura,104,1994,12,0
8,Dadeldhura,Dadeldhura,104,1995,1,102.7
8,Dadeldhura,Dadeldhura,104,1995,2,77.4
8,Dadeldhura,Dadeldhura,104,1995,3,85.6
8,Dadeldhura,Dadeldhura,104,1995,4,12.6
8,Dadeldhura,Dadeldhura,104,1995,5,42.2
8,Dadeldhura,Dadeldhura,104,1995,6,127
8,Dadeldhura,Dadeldhura,104,1995,7,213.7
8,Dadeldhura,Dadeldhura,104,1995,8,462.2
8,Dadeldhura,Dadeldhura,104,1995,9,323.6
8,Dadeldhura,Dadeldhura,104,1995,10,3.4
8,Dadeldhura,Dadeldhura,104,1995,11,11
8,Dadeldhura,Dadeldhura,104,1995,12,1.6
8,Dadeldhura,Dadeldhura,104,1996,1,62.6
8,Dadeldhura,Dadeldhura,104,1996,2,110.4
8,Dadeldhura,Dadeldhura,104,1996,3,22.2
8,Dadeldhura,Dadeldhura,104,1996,4,44.8
8,Dadeldhura,Dadeldhura,104,1996,5,18.2
8,Dadeldhura,Dadeldhura,104,1996,6,189.9
8,Dadeldhura,Dadeldhura,104,1996,7,339.6
8,Dadeldhura,Dadeldhura,104,1996,8,288.2
8,Dadeldhura,Dadeldhura,104,1996,9,114.4
8,Dadeldhura,Dadeldhura,104,1996,10,64.5
8,Dadeldhura,Dadeldhura,104,1996,11,0
8,Dadeldhura,Dadeldhura,104,1996,12,0
8,Dadeldhura,Dadeldhura,104,1997,1,41
8,Dadeldhura,Dadeldhura,104,1997,2,16.6
8,Dadeldhura,Dadeldhura,104,1997,3,13.6
8,Dadeldhura,Dadeldhura,104,1997,4,108.9
8,Dadeldhura,Dadeldhura,104,1997,5,98.2
8,Dadeldhura,Dadeldhura,104,1997,6,116.2
8,Dadeldhura,Dadeldhura,104,1997,7,242.5
8,Dadeldhura,Dadeldhura,104,1997,8,413
8,Dadeldhura,Dadeldhura,104,1997,9,137.8
8,Dadeldhura,Dadeldhura,104,1997,10,15
8,Dadeldhura,Dadeldhura,104,1997,11,38.4
8,Dadeldhura,Dadeldhura,104,1997,12,134.5
8,Dadeldhura,Dadeldhura,104,1998,1,8.2
8,Dadeldhura,Dadeldhura,104,1998,2,54.3
8,Dadeldhura,Dadeldhura,104,1998,3,135.1
8,Dadeldhura,Dadeldhura,104,1998,4,68.6
8,Dadeldhura,Dadeldhura,104,1998,5,101
8,Dadeldhura,Dadeldhura,104,1998,6,283.9
8,Dadeldhura,Dadeldhura,104,1998,7,506.5
8,Dadeldhura,Dadeldhura,104,1998,8,427.5
8,Dadeldhura,Dadeldhura,104,1998,9,146.2
8,Dadeldhura,Dadeldhura,104,1998,10,77.6
8,Dadeldhura,Dadeldhura,104,1998,11,2.6
8,Dadeldhura,Dadeldhura,104,1998,12,0
8,Dadeldhura,Dadeldhura,104,1999,1,36.1
8,Dadeldhura,Dadeldhura,104,1999,2,0.4
8,Dadeldhura,Dadeldhura,104,1999,3,0.8
8,Dadeldhura,Dadeldhura,104,1999,4,0.2
8,Dadeldhura,Dadeldhura,104,1999,5,16.4
8,Dadeldhura,Dadeldhura,104,1999,6,124
8,Dadeldhura,Dadeldhura,104,1999,7,304.6
8,Dadeldhura,Dadeldhura,104,1999,8,132.2
8,Dadeldhura,Dadeldhura,104,1999,9,75.1
8,Dadeldhura,Dadeldhura,104,1999,10,77.2
8,Dadeldhura,Dadeldhura,104,1999,11,0
8,Dadeldhura,Dadeldhura,104,1999,12,24
8,Dadeldhura,Dadeldhura,104,2000,1,25.5
8,Dadeldhura,Dadeldhura,104,2000,2,120.5
8,Dadeldhura,Dadeldhura,104,2000,3,50
8,Dadeldhura,Dadeldhura,104,2000,4,62.4
8,Dadeldhura,Dadeldhura,104,2000,5,166
8,Dadeldhura,Dadeldhura,104,2000,6,470.1
8,Dadeldhura,Dadeldhura,104,2000,7,336.7
8,Dadeldhura,Dadeldhura,104,2000,8,363.9
8,Dadeldhura,Dadeldhura,104,2000,9,128.3
8,Dadeldhura,Dadeldhura,104,2000,10,0
8,Dadeldhura,Dadeldhura,104,2000,11,11.7
8,Dadeldhura,Dadeldhura,104,2000,12,2.8
8,Dadeldhura,Dadeldhura,104,2001,1,31
8,Dadeldhura,Dadeldhura,104,2001,2,19.7
8,Dadeldhura,Dadeldhura,104,2001,3,64.6
8,Dadeldhura,Dadeldhura,104,2001,4,33
8,Dadeldhura,Dadeldhura,104,2001,5,168
8,Dadeldhura,Dadeldhura,104,2001,6,348.8
8,Dadeldhura,Dadeldhura,104,2001,7,392.6
8,Dadeldhura,Dadeldhura,104,2001,8,206
8,Dadeldhura,Dadeldhura,104,2001,9,51.8
8,Dadeldhura,Dadeldhura,104,2001,10,0
8,Dadeldhura,Dadeldhura,104,2001,11,6.5
8,Dadeldhura,Dadeldhura,104,2001,12,0
8,Dadeldhura,Dadeldhura,104,2002,1,87.2
8,Dadeldhura,Dadeldhura,104,2002,2,127.8
8,Dadeldhura,Dadeldhura,104,2002,3,38.5
8,Dadeldhura,Dadeldhura,104,2002,4,55.2
8,Dadeldhura,Dadeldhura,104,2002,5,111.4
8,Dadeldhura,Dadeldhura,104,2002,6,122
8,Dadeldhura,Dadeldhura,104,2002,7,130.8
8,Dadeldhura,Dadeldhura,104,2002,8,274.6
8,Dadeldhura,Dadeldhura,104,2002,9,325.6
8,Dadeldhura,Dadeldhura,104,2002,10,9.8
8,Dadeldhura,Dadeldhura,104,2002,11,10.2
8,Dadeldhura,Dadeldhura,104,2002,12,0
8,Dadeldhura,Dadeldhura,104,2003,1,43.8
8,Dadeldhura,Dadeldhura,104,2003,2,157.6
8,Dadeldhura,Dadeldhura,104,2003,3,66.7
8,Dadeldhura,Dadeldhura,104,2003,4,25
8,Dadeldhura,Dadeldhura,104,2003,5,31.8
8,Dadeldhura,Dadeldhura,104,2003,6,93.8
8,Dadeldhura,Dadeldhura,104,2003,7,269.2
8,Dadeldhura,Dadeldhura,104,2003,8,264
8,Dadeldhura,Dadeldhura,104,2003,9,425.7
8,Dadeldhura,Dadeldhura,104,2003,10,0
8,Dadeldhura,Dadeldhura,104,2003,11,3.4
8,Dadeldhura,Dadeldhura,104,2003,12,10.4
8,Dadeldhura,Dadeldhura,104,2004,1,69.4
8,Dadeldhura,Dadeldhura,104,2004,2,4.8
8,Dadeldhura,Dadeldhura,104,2004,3,0
8,Dadeldhura,Dadeldhura,104,2004,4,115
8,Dadeldhura,Dadeldhura,104,2004,5,71.7
8,Dadeldhura,Dadeldhura,104,2004,6,141.6
8,Dadeldhura,Dadeldhura,104,2004,7,231
8,Dadeldhura,Dadeldhura,104,2004,8,368.7
8,Dadeldhura,Dadeldhura,104,2004,9,152
8,Dadeldhura,Dadeldhura,104,2004,10,40
8,Dadeldhura,Dadeldhura,104,2004,11,0
8,Dadeldhura,Dadeldhura,104,2004,12,0
8,Dadeldhura,Dadeldhura,104,2005,1,82.7
8,Dadeldhura,Dadeldhura,104,2005,2,90.1
8,Dadeldhura,Dadeldhura,104,2005,3,56.4
8,Dadeldhura,Dadeldhura,104,2005,4,9.8
8,Dadeldhura,Dadeldhura,104,2005,5,23.6
8,Dadeldhura,Dadeldhura,104,2005,6,90.5
8,Dadeldhura,Dadeldhura,104,2005,7,260.2
8,Dadeldhura,Dadeldhura,104,2005,8,134.2
8,Dadeldhura,Dadeldhura,104,2005,9,316.6
8,Dadeldhura,Dadeldhura,104,2005,10,8.2
8,Dadeldhura,Dadeldhura,104,2005,11,0
8,Dadeldhura,Dadeldhura,104,2005,12,30
8,Dadeldhura,Dadeldhura,104,2006,1,4.8
8,Dadeldhura,Dadeldhura,104,2006,2,2.2
8,Dadeldhura,Dadeldhura,104,2006,3,48
8,Dadeldhura,Dadeldhura,104,2006,4,69.2
8,Dadeldhura,Dadeldhura,104,2006,5,66.2
8,Dadeldhura,Dadeldhura,104,2006,6,97.7
8,Dadeldhura,Dadeldhura,104,2006,7,285.4
8,Dadeldhura,Dadeldhura,104,2006,8,233.9
8,Dadeldhura,Dadeldhura,104,2006,9,84.7
8,Dadeldhura,Dadeldhura,104,2006,10,23.3
8,Dadeldhura,Dadeldhura,104,2006,11,9.8
8,Dadeldhura,Dadeldhura,104,2006,12,15.6
8,Dadeldhura,Dadeldhura,104,2007,1,0
8,Dadeldhura,Dadeldhura,104,2007,2,100.6
8,Dadeldhura,Dadeldhura,104,2007,3,148.9
8,Dadeldhura,Dadeldhura,104,2007,4,74.3
8,Dadeldhura,Dadeldhura,104,2007,5,83
8,Dadeldhura,Dadeldhura,104,2007,6,253.8
8,Dadeldhura,Dadeldhura,104,2007,7,383.3
8,Dadeldhura,Dadeldhura,104,2007,8,309.7
8,Dadeldhura,Dadeldhura,104,2007,9,282
8,Dadeldhura,Dadeldhura,104,2007,10,32.9
8,Dadeldhura,Dadeldhura,104,2007,11,0
8,Dadeldhura,Dadeldhura,104,2007,12,0
8,Dadeldhura,Dadeldhura,104,2008,1,13.2
8,Dadeldhura,Dadeldhura,104,2008,2,6.3
8,Dadeldhura,Dadeldhura,104,2008,3,15
8,Dadeldhura,Dadeldhura,104,2008,4,39.8
8,Dadeldhura,Dadeldhura,104,2008,5,158.8
8,Dadeldhura,Dadeldhura,104,2008,6,192.2
8,Dadeldhura,Dadeldhura,104,2008,7,403.2
8,Dadeldhura,Dadeldhura,104,2008,8,382.9
8,Dadeldhura,Dadeldhura,104,2008,9,244.2
8,Dadeldhura,Dadeldhura,104,2008,10,10.4
8,Dadeldhura,Dadeldhura,104,2008,11,2.6
8,Dadeldhura,Dadeldhura,104,2008,12,0
8,Dadeldhura,Dadeldhura,104,2009,1,0
8,Dadeldhura,Dadeldhura,104,2009,2,27.5
8,Dadeldhura,Dadeldhura,104,2009,3,16
8,Dadeldhura,Dadeldhura,104,2009,4,24.2
8,Dadeldhura,Dadeldhura,104,2009,5,120.9
8,Dadeldhura,Dadeldhura,104,2009,6,70.8
8,Dadeldhura,Dadeldhura,104,2009,7,337.1
8,Dadeldhura,Dadeldhura,104,2009,8,596.2
8,Dadeldhura,Dadeldhura,104,2009,9,155.7
8,Dadeldhura,Dadeldhura,104,2009,10,331
8,Dadeldhura,Dadeldhura,104,2009,11,66.4
8,Dadeldhura,Dadeldhura,104,2009,12,0
8,Dadeldhura,Dadeldhura,104,2010,1,8.2
8,Dadeldhura,Dadeldhura,104,2010,2,84.2
8,Dadeldhura,Dadeldhura,104,2010,3,1
8,Dadeldhura,Dadeldhura,104,2010,4,11.1
8,Dadeldhura,Dadeldhura,104,2010,5,49.3
8,Dadeldhura,Dadeldhura,104,2010,6,107
8,Dadeldhura,Dadeldhura,104,2010,7,441.6
8,Dadeldhura,Dadeldhura,104,2010,8,440.1
8,Dadeldhura,Dadeldhura,104,2010,9,380.6
8,Dadeldhura,Dadeldhura,104,2010,10,1.6
8,Dadeldhura,Dadeldhura,104,2010,11,0
8,Dadeldhura,Dadeldhura,104,2010,12,1.8
8,Dadeldhura,Dadeldhura,104,2011,1,45.6
8,Dadeldhura,Dadeldhura,104,2011,2,90.8
8,Dadeldhura,Dadeldhura,104,2011,3,23.8
8,Dadeldhura,Dadeldhura,104,2011,4,23.8
8,Dadeldhura,Dadeldhura,104,2011,5,90.9
8,Dadeldhura,Dadeldhura,104,2011,6,309.2
8,Dadeldhura,Dadeldhura,104,2011,7,110.8
8,Dadeldhura,Dadeldhura,104,2011,8,438
8,Dadeldhura,Dadeldhura,104,2011,9,108.8
8,Dadeldhura,Dadeldhura,104,2011,10,9.8
8,Dadeldhura,Dadeldhura,104,2011,11,0
8,Dadeldhura,Dadeldhura,104,2011,12,0
8,Dadeldhura,Dadeldhura,104,2012,1,30.1
8,Dadeldhura,Dadeldhura,104,2012,2,6
8,Dadeldhura,Dadeldhura,104,2012,3,25
8,Dadeldhura,Dadeldhura,104,2012,4,79.3
8,Dadeldhura,Dadeldhura,104,2012,5,30.9
8,Dadeldhura,Dadeldhura,104,2012,6,26
8,Dadeldhura,Dadeldhura,104,2012,7,251
8,Dadeldhura,Dadeldhura,104,2012,8,399.3
8,Dadeldhura,Dadeldhura,104,2012,9,387
8,Dadeldhura,Dadeldhura,104,2012,10,8
8,Dadeldhura,Dadeldhura,104,2012,11,4.6
8,Dadeldhura,Dadeldhura,104,2012,12,7.4
8,Dadeldhura,Dadeldhura,104,2013,1,112.9
8,Dadeldhura,Dadeldhura,104,2013,2,151.4
8,Dadeldhura,Dadeldhura,104,2013,3,2
8,Dadeldhura,Dadeldhura,104,2013,4,38.6
8,Dadeldhura,Dadeldhura,104,2013,5,45.7
8,Dadeldhura,Dadeldhura,104,2013,6,448.5
8,Dadeldhura,Dadeldhura,104,2013,7,383.7
8,Dadeldhura,Dadeldhura,104,2013,8,271.5
8,Dadeldhura,Dadeldhura,104,2013,9,43.2
8,Dadeldhura,Dadeldhura,104,2013,10,40.7
8,Dadeldhura,Dadeldhura,104,2013,11,3.3
8,Dadeldhura,Dadeldhura,104,2013,12,6.6
8,Dadeldhura,Dadeldhura,104,2014,1,57.9
8,Dadeldhura,Dadeldhura,104,2014,2,109.2
8,Dadeldhura,Dadeldhura,104,2014,3,87.7
8,Dadeldhura,Dadeldhura,104,2014,4,14.5
8,Dadeldhura,Dadeldhura,104,2014,5,75.4
8,Dadeldhura,Dadeldhura,104,2014,6,87
8,Dadeldhura,Dadeldhura,104,2014,7,665.9
8,Dadeldhura,Dadeldhura,104,2014,8,147.4
8,Dadeldhura,Dadeldhura,104,2014,9,85.1
8,Dadeldhura,Dadeldhura,104,2014,10,135.5
8,Dadeldhura,Dadeldhura,104,2014,11,0
8,Dadeldhura,Dadeldhura,104,2014,12,46.9
8,Dadeldhura,Dadeldhura,104,2015,1,113.9
8,Dadeldhura,Dadeldhura,104,2015,2,69.1
8,Dadeldhura,Dadeldhura,104,2015,3,194.3
8,Dadeldhura,Dadeldhura,104,2015,4,58.9
8,Dadeldhura,Dadeldhura,104,2015,5,24.6
8,Dadeldhura,Dadeldhura,104,2015,6,317.7
8,Dadeldhura,Dadeldhura,104,2015,7,277.8
8,Dadeldhura,Dadeldhura,104,2015,8,163.7
8,Dadeldhura,Dadeldhura,104,2015,9,18.6
8,Dadeldhura,Dadeldhura,104,2015,10,22.1
8,Dadeldhura,Dadeldhura,104,2015,11,2.3
8,Dadeldhura,Dadeldhura,104,2015,12,1
8,Dadeldhura,Dadeldhura,104,2016,1,1.7
8,Dadeldhura,Dadeldhura,104,2016,2,44.4
8,Dadeldhura,Dadeldhura,104,2016,3,32.2
8,Dadeldhura,Dadeldhura,104,2016,4,3.4
8,Dadeldhura,Dadeldhura,104,2016,5,139.8
8,Dadeldhura,Dadeldhura,104,2016,6,155
8,Dadeldhura,Dadeldhura,104,2016,7,498.9
8,Dadeldhura,Dadeldhura,104,2016,8,299.5
8,Dadeldhura,Dadeldhura,104,2016,9,117.8
8,Dadeldhura,Dadeldhura,104,2016,10,7.1
8,Dadeldhura,Dadeldhura,104,2016,11,0
8,Dadeldhura,Dadeldhura,104,2016,12,0.7
8,Dadeldhura,Dadeldhura,104,2017,1,30.6
8,Dadeldhura,Dadeldhura,104,2017,2,17.6
8,Dadeldhura,Dadeldhura,104,2017,3,22.4
8,Dadeldhura,Dadeldhura,104,2017,4,75.8
8,Dadeldhura,Dadeldhura,104,2017,5,139.1
8,Dadeldhura,Dadeldhura,104,2017,6,151.1
8,Dadeldhura,Dadeldhura,104,2017,7,647.3
8,Dadeldhura,Dadeldhura,104,2017,8,147.3
8,Dadeldhura,Dadeldhura,104,2017,9,137.3
8,Dadeldhura,Dadeldhura,104,2017,10,0
8,Dadeldhura,Dadeldhura,104,2017,11,0
8,Dadeldhura,Dadeldhura,104,2017,12,5.6
8,Dadeldhura,Dadeldhura,104,2018,1,12.5
8,Dadeldhura,Dadeldhura,104,2018,2,22.8
8,Dadeldhura,Dadeldhura,104,2018,3,16.1
8,Dadeldhura,Dadeldhura,104,2018,4,54.8
8,Dadeldhura,Dadeldhura,104,2018,5,96.4
8,Dadeldhura,Dadeldhura,104,2018,6,96.1
8,Dadeldhura,Dadeldhura,104,2018,7,277.8
8,Dadeldhura,Dadeldhura,104,2018,8,427.9
8,Dadeldhura,Dadeldhura,104,2018,9,231.5
8,Dadeldhura,Dadeldhura,104,2018,10,0
8,Dadeldhura,Dadeldhura,104,2018,11,24
8,Dadeldhura,Dadeldhura,104,2018,12,5.6
8,Dadeldhura,Dadeldhura,104,2019,1,121.6
8,Dadeldhura,Dadeldhura,104,2019,2,137.2
8,Dadeldhura,Dadeldhura,104,2019,3,21.2
8,Dadeldhura,Dadeldhura,104,2019,4,53.6
8,Dadeldhura,Dadeldhura,104,2019,5,30.9
8,Dadeldhura,Dadeldhura,104,2019,6,86.7
8,Dadeldhura,Dadeldhura,104,2019,7,172.6
8,Dadeldhura,Dadeldhura,104,2019,8,179.8
8,Dadeldhura,Dadeldhura,104,2019,9,213.5
8,Dadeldhura,Dadeldhura,104,2019,10,4.8
8,Dadeldhura,Dadeldhura,104,2019,11,11.1
8,Dadeldhura,Dadeldhura,104,2019,12,68.3
138,Jomsom,Mustang,601,1990,1,0
138,Jomsom,Mustang,601,1990,2,12.1
138,Jomsom,Mustang,601,1990,3,48
138,Jomsom,Mustang,601,1990,4,58
138,Jomsom,Mustang,601,1990,5,52
138,Jomsom,Mustang,601,1990,6,14.4
138,Jomsom,Mustang,601,1990,7,69.6
138,Jomsom,Mustang,601,1990,8,10.6
138,Jomsom,Mustang,601,1990,9,13.2
138,Jomsom,Mustang,601,1990,10,14.8
138,Jomsom,Mustang,601,1990,11,2.8
138,Jomsom,Mustang,601,1990,12,2
138,Jomsom,Mustang,601,1991,1,28
138,Jomsom,Mustang,601,1991,2,28.2
138,Jomsom,Mustang,601,1991,3,21.4
138,Jomsom,Mustang,601,1991,4,17
138,Jomsom,Mustang,601,1991,5,20.4
138,Jomsom,Mustang,601,1991,6,19.8
138,Jomsom,Mustang,601,1991,7,17.4
138,Jomsom,Mustang,601,1991,10,0
138,Jomsom,Mustang,601,1991,11,12.4
138,Jomsom,Mustang,601,1991,12,0
138,Jomsom,Mustang,601,1992,1,15
138,Jomsom,Mustang,601,1992,2,27.5
138,Jomsom,Mustang,601,1992,3,3.1
138,Jomsom,Mustang,601,1992,4,8
138,Jomsom,Mustang,601,1992,5,21.7
138,Jomsom,Mustang,601,1992,6,0
138,Jomsom,Mustang,601,1992,7,32.4
138,Jomsom,Mustang,601,1992,8,58
138,Jomsom,Mustang,601,1992,9,9.1
138,Jomsom,Mustang,601,1992,10,15.2
138,Jomsom,Mustang,601,1992,11,10
138,Jomsom,Mustang,601,1992,12,0
138,Jomsom,Mustang,601,1993,1,14.4
138,Jomsom,Mustang,601,1993,2,8.2
138,Jomsom,Mustang,601,1993,3,45.3
138,Jomsom,Mustang,601,1993,4,8.1
138,Jomsom,Mustang,601,1993,5,8.4
138,Jomsom,Mustang,601,1993,6,13
138,Jomsom,Mustang,601,1993,7,21
138,Jomsom,Mustang,601,1993,8,52.3
138,Jomsom,Mustang,601,1993,9,121.7
138,Jomsom,Mustang,601,1993,10,0
138,Jomsom,Mustang,601,1993,11,0
138,Jomsom,Mustang,601,1993,12,0
138,Jomsom,Mustang,601,1994,1,18.9
138,Jomsom,Mustang,601,1994,2,3
138,Jomsom,Mustang,601,1994,3,2.4
138,Jomsom,Mustang,601,1994,4,49
138,Jomsom,Mustang,601,1994,5,44
138,Jomsom,Mustang,601,1994,6,9
138,Jomsom,Mustang,601,1994,7,44.4
138,Jomsom,Mustang,601,1994,8,50
138,Jomsom,Mustang,601,1994,9,31.9
138,Jomsom,Mustang,601,1994,10,0
138,Jomsom,Mustang,601,1994,11,0
138,Jomsom,Mustang,601,1994,12,0
138,Jomsom,Mustang,601,1995,1,24.3
138,Jomsom,Mustang,601,1995,2,7.4
138,Jomsom,Mustang,601,1995,3,63
138,Jomsom,Mustang,601,1995,4,11
138,Jomsom,Mustang,601,1995,5,8
138,Jomsom,Mustang,601,1995,6,63.6
138,Jomsom,Mustang,601,1995,7,36.4
138,Jomsom,Mustang,601,1995,8,60.6
138,Jomsom,Mustang,601,1995,9,65
138,Jomsom,Mustang,601,1995,10,1
138,Jomsom,Mustang,601,1995,11,38.6
138,Jomsom,Mustang,601,1996,1,8
138,Jomsom,Mustang,601,1996,2,39.6
138,Jomsom,Mustang,601,1996,3,9.8
138,Jomsom,Mustang,601,1996,4,29.7
138,Jomsom,Mustang,601,1996,5,9.2
138,Jomsom,Mustang,601,1996,6,4.3
138,Jomsom,Mustang,601,1996,7,22.8
138,Jomsom,Mustang,601,1996,8,75.9
138,Jomsom,Mustang,601,1996,9,19.5
138,Jomsom,Mustang,601,1996,10,145.6
138,Jomsom,Mustang,601,1996,11,0
138,Jomsom,Mustang,601,1996,12,0
138,Jomsom,Mustang,601,1997,1,1.3
138,Jomsom,Mustang,601,1997,3,38.4
138,Jomsom,Mustang,601,1997,4,15.6
138,Jomsom,Mustang,601,1997,5,6.1
138,Jomsom,Mustang,601,1997,6,20.4
138,Jomsom,Mustang,601,1997,7,30.8
138,Jomsom,Mustang,601,1997,8,49
138,Jomsom,Mustang,601,1997,9,6.8
138,Jomsom,Mustang,601,1997,10,27.2
138,Jomsom,Mustang,601,1997,11,9
138,Jomsom,Mustang,601,1997,12,76.5
138,Jomsom,Mustang,601,1998,1,0
138,Jomsom,Mustang,601,1998,2,4.4
138,Jomsom,Mustang,601,1998,3,47.1
138,Jomsom,Mustang,601,1998,4,2.4
138,Jomsom,Mustang,601,1998,5,4.2
138,Jomsom,Mustang,601,1998,6,15
138,Jomsom,Mustang,601,1998,7,52.2
138,Jomsom,Mustang,601,1998,8,33.1
138,Jomsom,Mustang,601,1998,9,6.1
138,Jomsom,Mustang,601,1998,10,30.8
138,Jomsom,Mustang,601,1998,11,6
138,Jomsom,Mustang,601,1998,12,0
138,Jomsom,Mustang,601,1999,1,10.4
138,Jomsom,Mustang,601,1999,2,1.8
138,Jomsom,Mustang,601,1999,3,3
138,Jomsom,Mustang,601,1999,4,6.8
138,Jomsom,Mustang,601,1999,5,8.8
138,Jomsom,Mustang,601,1999,6,100
138,Jomsom,Mustang,601,1999,7,54.2
138,Jomsom,Mustang,601,1999,8,28
138,Jomsom,Mustang,601,1999,9,22.4
138,Jomsom,Mustang,601,1999,10,19.8
138,Jomsom,Mustang,601,1999,11,0
138,Jomsom,Mustang,601,1999,12,0
138,Jomsom,Mustang,601,2000,1,1.6
138,Jomsom,Mustang,601,2000,2,5.4
138,Jomsom,Mustang,601,2000,3,33.8
138,Jomsom,Mustang,601,2000,4,8.3
138,Jomsom,Mustang,601,2000,5,15.2
138,Jomsom,Mustang,601,2000,6,45.1
138,Jomsom,Mustang,601,2000,7,23.8
138,Jomsom,Mustang,601,2000,8,21.6
138,Jomsom,Mustang,601,2000,9,22
138,Jomsom,Mustang,601,2000,10,0
138,Jomsom,Mustang,601,2000,11,0
138,Jomsom,Mustang,601,2000,12,11.8
138,Jomsom,Mustang,601,2001,1,0
138,Jomsom,Mustang,601,2001,2,27.1
138,Jomsom,Mustang,601,2001,3,43.7
138,Jomsom,Mustang,601,2001,4,30.7
138,Jomsom,Mustang,601,2001,5,2.9
138,Jomsom,Mustang,601,2001,6,24.9
138,Jomsom,Mustang,601,2001,7,24.1
138,Jomsom,Mustang,601,2001,8,43.2
138,Jomsom,Mustang,601,2001,9,40.9
138,Jomsom,Mustang,601,2001,10,0
138,Jomsom,Mustang,601,2001,11,2.4
138,Jomsom,Mustang,601,2001,12,0
138,Jomsom,Mustang,601,2002,1,20.2
138,Jomsom,Mustang,601,2002,2,52.1
138,Jomsom,Mustang,601,2002,3,35.3
138,Jomsom,Mustang,601,2002,4,18.1
138,Jomsom,Mustang,601,2002,5,14.7
138,Jomsom,Mustang,601,2002,6,9.6
138,Jomsom,Mustang,601,2002,7,24.8
138,Jomsom,Mustang,601,2002,8,41.2
138,Jomsom,Mustang,601,2002,9,62.7
138,Jomsom,Mustang,601,2002,10,9.7
138,Jomsom,Mustang,601,2002,11,19.8
138,Jomsom,Mustang,601,2002,12,0
138,Jomsom,Mustang,601,2003,1,4
138,Jomsom,Mustang,601,2003,2,24
138,Jomsom,Mustang,601,2003,3,16.2
138,Jomsom,Mustang,601,2003,4,33.9
138,Jomsom,Mustang,601,2003,5,20.8
138,Jomsom,Mustang,601,2003,6,48.6
138,Jomsom,Mustang,601,2003,7,34.2
138,Jomsom,Mustang,601,2003,8,80.3
138,Jomsom,Mustang,601,2003,9,46.2
138,Jomsom,Mustang,601,2003,10,7
138,Jomsom,Mustang,601,2003,11,0
138,Jomsom,Mustang,601,2003,12,3.6
138,Jomsom,Mustang,601,2004,1,19
138,Jomsom,Mustang,601,2004,2,1.4
138,Jomsom,Mustang,601,2004,3,0.5
138,Jomsom,Mustang,601,2004,4,30.4
138,Jomsom,Mustang,601,2004,5,24.8
138,Jomsom,Mustang,601,2004,6,15.2
138,Jomsom,Mustang,601,2004,7,49.4
138,Jomsom,Mustang,601,2004,8,51.8
138,Jomsom,Mustang,601,2004,9,18.8
138,Jomsom,Mustang,601,2004,10,19.4
138,Jomsom,Mustang,601,2004,11,12
138,Jomsom,Mustang,601,2004,12,0
138,Jomsom,Mustang,601,2005,1,13.5
138,Jomsom,Mustang,601,2006,1,0
138,Jomsom,Mustang,601,2006,2,6
138,Jomsom,Mustang,601,2006,3,80.1
138,Jomsom,Mustang,601,2006,4,23.5
138,Jomsom,Mustang,601,2006,5,25
138,Jomsom,Mustang,601,2006,6,36
138,Jomsom,Mustang,601,2006,7,55
138,Jomsom,Mustang,601,2006,8,38.5
138,Jomsom,Mustang,601,2006,9,27
138,Jomsom,Mustang,601,2006,10,7.4
138,Jomsom,Mustang,601,2006,11,0
138,Jomsom,Mustang,601,2006,12,0
138,Jomsom,Mustang,601,2007,1,0.5
138,Jomsom,Mustang,601,2007,2,45
138,Jomsom,Mustang,601,2007,3,37
138,Jomsom,Mustang,601,2007,4,8
138,Jomsom,Mustang,601,2007,5,5.9
138,Jomsom,Mustang,601,2007,6,15
138,Jomsom,Mustang,601,2007,7,81.4
138,Jomsom,Mustang,601,2007,8,45.6
138,Jomsom,Mustang,601,2007,9,68.5
138,Jomsom,Mustang,601,2007,10,25.5
138,Jomsom,Mustang,601,2007,11,3
138,Jomsom,Mustang,601,2007,12,0.1
138,Jomsom,Mustang,601,2008,1,3
138,Jomsom,Mustang,601,2008,2,10
138,Jomsom,Mustang,601,2008,3,41.3
138,Jomsom,Mustang,601,2008,4,10
138,Jomsom,Mustang,601,2008,5,17.2
138,Jomsom,Mustang,601,2008,6,21.6
138,Jomsom,Mustang,601,2008,7,36.9
138,Jomsom,Mustang,601,2008,8,41.8
138,Jomsom,Mustang,601,2008,9,106.4
138,Jomsom,Mustang,601,2008,10,0
138,Jomsom,Mustang,601,2008,11,0
138,Jomsom,Mustang,601,2008,12,0
138,Jomsom,Mustang,601,2009,1,0
138,Jomsom,Mustang,601,2009,2,0
138,Jomsom,Mustang,601,2009,3,27.3
138,Jomsom,Mustang,601,2009,4,28.8
138,Jomsom,Mustang,601,2009,5,53.5
138,Jomsom,Mustang,601,2009,6,9.6
138,Jomsom,Mustang,601,2009,7,32.8
138,Jomsom,Mustang,601,2009,8,55.3
138,Jomsom,Mustang,601,2009,9,22.8
138,Jomsom,Mustang,601,2009,10,84.8
138,Jomsom,Mustang,601,2009,11,6.6
138,Jomsom,Mustang,601,2009,12,0
138,Jomsom,Mustang,601,2010,1,0
138,Jomsom,Mustang,601,2010,2,33
138,Jomsom,Mustang,601,2010,3,6.1
138,Jomsom,Mustang,601,2010,4,6
138,Jomsom,Mustang,601,2010,5,15.4
138,Jomsom,Mustang,601,2010,6,57.7
138,Jomsom,Mustang,601,2010,7,85.7
138,Jomsom,Mustang,601,2010,8,23.2
138,Jomsom,Mustang,601,2010,9,50.2
138,Jomsom,Mustang,601,2010,10,6.6
138,Jomsom,Mustang,601,2010,11,2.3
138,Jomsom,Mustang,601,2010,12,0
138,Jomsom,Mustang,601,2011,1,16
138,Jomsom,Mustang,601,2011,2,28.5
138,Jomsom,Mustang,601,2011,3,1.8
138,Jomsom,Mustang,601,2011,4,21
138,Jomsom,Mustang,601,2011,5,2.9
138,Jomsom,Mustang,601,2011,6,44.2
138,Jomsom,Mustang,601,2011,7,37.2
138,Jomsom,Mustang,601,2011,8,44.8
138,Jomsom,Mustang,601,2011,9,24.8
138,Jomsom,Mustang,601,2011,10,0.9
138,Jomsom,Mustang,601,2011,11,0
138,Jomsom,Mustang,601,2011,12,0
138,Jomsom,Mustang,601,2012,1,18.2
138,Jomsom,Mustang,601,2012,2,15.1
138,Jomsom,Mustang,601,2012,3,3.7
138,Jomsom,Mustang,601,2012,4,24.6
138,Jomsom,Mustang,601,2012,5,25.6
138,Jomsom,Mustang,601,2012,6,9.2
138,Jomsom,Mustang,601,2012,7,60.1
138,Jomsom,Mustang,601,2012,8,39.5
138,Jomsom,Mustang,601,2012,9,12.5
138,Jomsom,Mustang,601,2012,10,4.1
138,Jomsom,Mustang,601,2012,11,0
138,Jomsom,Mustang,601,2012,12,2
138,Jomsom,Mustang,601,2013,1,15.9
138,Jomsom,Mustang,601,2013,2,62.8
138,Jomsom,Mustang,601,2013,3,3
138,Jomsom,Mustang,601,2013,4,25.7
138,Jomsom,Mustang,601,2013,5,20.8
138,Jomsom,Mustang,601,2013,6,118.4
138,Jomsom,Mustang,601,2013,7,61.5
138,Jomsom,Mustang,601,2013,8,48.8
138,Jomsom,Mustang,601,2013,9,17.7
138,Jomsom,Mustang,601,2013,10,18.7
138,Jomsom,Mustang,601,2013,11,0.7
138,Jomsom,Mustang,601,2013,12,0
138,Jomsom,Mustang,601,2014,1,27.8
138,Jomsom,Mustang,601,2014,2,27.8
138,Jomsom,Mustang,601,2014,3,9.6
138,Jomsom,Mustang,601,2014,4,36.9
138,Jomsom,Mustang,601,2014,5,34.6
138,Jomsom,Mustang,601,2014,6,10.6
138,Jomsom,Mustang,601,2014,7,71.3
138,Jomsom,Mustang,601,2014,8,20
138,Jomsom,Mustang,601,2014,9,9.6
138,Jomsom,Mustang,601,2014,10,75.3
138,Jomsom,Mustang,601,2014,11,0
138,Jomsom,Mustang,601,2014,12,25.3
138,Jomsom,Mustang,601,2015,1,83.8
138,Jomsom,Mustang,601,2015,2,15.2
138,Jomsom,Mustang,601,2015,3,98.1
138,Jomsom,Mustang,601,2015,4,45.4
138,Jomsom,Mustang,601,2015,5,6.8
138,Jomsom,Mustang,601,2015,6,74.9
138,Jomsom,Mustang,601,2015,7,32.2
138,Jomsom,Mustang,601,2015,8,28.9
138,Jomsom,Mustang,601,2015,9,8.1
138,Jomsom,Mustang,601,2015,10,8.4
138,Jomsom,Mustang,601,2015,11,6.2
138,Jomsom,Mustang,601,2015,12,0
138,Jomsom,Mustang,601,2016,1,3.3
138,Jomsom,Mustang,601,2016,2,3.2
138,Jomsom,Mustang,601,2016,3,23.8
138,Jomsom,Mustang,601,2016,4,35.2
138,Jomsom,Mustang,601,2016,5,23.3
138,Jomsom,Mustang,601,2016,6,15.2
138,Jomsom,Mustang,601,2016,7,104
138,Jomsom,Mustang,601,2016,8,16.4
138,Jomsom,Mustang,601,2016,9,23.3
138,Jomsom,Mustang,601,2016,10,13.8
138,Jomsom,Mustang,601,2016,11,0
138,Jomsom,Mustang,601,2016,12,0.5
138,Jomsom,Mustang,601,2017,1,34
138,Jomsom,Mustang,601,2017,2,5.1
138,Jomsom,Mustang,601,2017,3,15
138,Jomsom,Mustang,601,2017,4,30.9
138,Jomsom,Mustang,601,2017,5,35.1
138,Jomsom,Mustang,601,2017,6,16.7
138,Jomsom,Mustang,601,2017,7,76.8
138,Jomsom,Mustang,601,2017,8,27.1
138,Jomsom,Mustang,601,2017,9,29.2
138,Jomsom,Mustang,601,2017,10,2
138,Jomsom,Mustang,601,2017,11,0
138,Jomsom,Mustang,601,2017,12,3.3
138,Jomsom,Mustang,601,2018,1,9.5
138,Jomsom,Mustang,601,2018,2,10.7
138,Jomsom,Mustang,601,2018,3,57.8
138,Jomsom,Mustang,601,2018,4,11.5
138,Jomsom,Mustang,601,2018,5,23
138,Jomsom,Mustang,601,2018,6,24.8
138,Jomsom,Mustang,601,2018,7,41.1
138,Jomsom,Mustang,601,2018,8,76.5
138,Jomsom,Mustang,601,2018,9,46.2
138,Jomsom,Mustang,601,2018,10,0
138,Jomsom,Mustang,601,2018,11,0
138,Jomsom,Mustang,601,2018,12,0
138,Jomsom,Mustang,601,2019,1,15.5
138,Jomsom,Mustang,601,2019,2,75.9
138,Jomsom,Mustang,601,2019,3,15.8
138,Jomsom,Mustang,601,2019,4,20.6
138,Jomsom,Mustang,601,2019,5,10.4
138,Jomsom,Mustang,601,2019,6,25.5
138,Jomsom,Mustang,601,2019,7,52.9
138,Jomsom,Mustang,601,2019,8,51.6
138,Jomsom,Mustang,601,2019,9,40.2
138,Jomsom,Mustang,601,2019,10,5
138,Jomsom,Mustang,601,2019,11,3.5
138,Jomsom,Mustang,601,2019,12,19.4
64,Jumla,Jumla,303,1990,1,0
64,Jumla,Jumla,303,1990,2,76.1
64,Jumla,Jumla,303,1990,3,96
64,Jumla,Jumla,303,1990,4,30.9
64,Jumla,Jumla,303,1990,5,28.9
64,Jumla,Jumla,303,1990,6,98.8
64,Jumla,Jumla,303,1990,7,183.5
64,Jumla,Jumla,303,1990,8,196.3
64,Jumla,Jumla,303,1990,9,89.1
64,Jumla,Jumla,303,1990,10,17.7
64,Jumla,Jumla,303,1990,11,1
64,Jumla,Jumla,303,1990,12,11
64,Jumla,Jumla,303,1991,1,54.1
64,Jumla,Jumla,303,1991,2,0
64,Jumla,Jumla,303,1991,3,146.8
64,Jumla,Jumla,303,1991,4,88.1
64,Jumla,Jumla,303,1991,5,88.4
64,Jumla,Jumla,303,1991,6,73.4
64,Jumla,Jumla,303,1991,7,155.8
64,Jumla,Jumla,303,1991,8,224.2
64,Jumla,Jumla,303,1991,9,31.1
64,Jumla,Jumla,303,1991,10,0
64,Jumla,Jumla,303,1991,11,9.8
64,Jumla,Jumla,303,1991,12,21.2
64,Jumla,Jumla,303,1992,1,58.1
64,Jumla,Jumla,303,1992,2,13.5
64,Jumla,Jumla,303,1992,3,28.1
64,Jumla,Jumla,303,1992,4,14.3
64,Jumla,Jumla,303,1992,5,42.3
64,Jumla,Jumla,303,1992,6,44.5
64,Jumla,Jumla,303,1992,7,153.6
64,Jumla,Jumla,303,1992,8,233.7
64,Jumla,Jumla,303,1992,9,138.5
64,Jumla,Jumla,303,1992,10,31
64,Jumla,Jumla,303,1992,11,0
64,Jumla,Jumla,303,1992,12,0
64,Jumla,Jumla,303,1993,1,40.2
64,Jumla,Jumla,303,1993,2,41.3
64,Jumla,Jumla,303,1993,3,136.8
64,Jumla,Jumla,303,1993,4,27.5
64,Jumla,Jumla,303,1993,5,63.3
64,Jumla,Jumla,303,1993,6,116.7
64,Jumla,Jumla,303,1993,7,107.1
64,Jumla,Jumla,303,1993,8,133.6
64,Jumla,Jumla,303,1993,9,154.8
64,Jumla,Jumla,303,1993,10,0
64,Jumla,Jumla,303,1993,11,0
64,Jumla,Jumla,303,1993,12,0
64,Jumla,Jumla,303,1994,1,40.8
64,Jumla,Jumla,303,1994,2,54.1
64,Jumla,Jumla,303,1994,3,7.8
64,Jumla,Jumla,303,1994,4,46.5
64,Jumla,Jumla,303,1994,5,55.2
64,Jumla,Jumla,303,1994,6,31.1
64,Jumla,Jumla,303,1994,7,318.7
64,Jumla,Jumla,303,1994,8,207
64,Jumla,Jumla,303,1994,9,51.6
64,Jumla,Jumla,303,1994,10,0
64,Jumla,Jumla,303,1994,11,0.8
64,Jumla,Jumla,303,1994,12,0
64,Jumla,Jumla,303,1995,1,79.5
64,Jumla,Jumla,303,1995,2,44.4
64,Jumla,Jumla,303,1995,3,45.1
64,Jumla,Jumla,303,1995,4,18.3
64,Jumla,Jumla,303,1995,5,6.8
64,Jumla,Jumla,303,1995,6,100.6
64,Jumla,Jumla,303,1995,7,199.4
64,Jumla,Jumla,303,1995,8,159.1
64,Jumla,Jumla,303,1995,9,98.6
64,Jumla,Jumla,303,1995,10,0.6
64,Jumla,Jumla,303,1995,11,73.8
64,Jumla,Jumla,303,1995,12,2.8
64,Jumla,Jumla,303,1996,1,46.9
64,Jumla,Jumla,303,1996,2,109.9
64,Jumla,Jumla,303,1996,3,31.2
64,Jumla,Jumla,303,1996,4,29.2
64,Jumla,Jumla,303,1996,5,20.1
64,Jumla,Jumla,303,1996,6,47
64,Jumla,Jumla,303,1996,7,105
64,Jumla,Jumla,303,1996,8,251.8
64,Jumla,Jumla,303,1996,9,89.3
64,Jumla,Jumla,303,1996,10,102.4
64,Jumla,Jumla,303,1996,11,0
64,Jumla,Jumla,303,1996,12,0
64,Jumla,Jumla,303,1997,1,57.1
64,Jumla,Jumla,303,1997,2,20.9
64,Jumla,Jumla,303,1997,3,18.1
64,Jumla,Jumla,303,1997,4,40.5
64,Jumla,Jumla,303,1997,5,36.1
64,Jumla,Jumla,303,1997,6,40.1
64,Jumla,Jumla,303,1997,7,173.8
64,Jumla,Jumla,303,1997,8,146.4
64,Jumla,Jumla,303,1997,9,66.7
64,Jumla,Jumla,303,1997,10,42.9
64,Jumla,Jumla,303,1997,11,35.8
64,Jumla,Jumla,303,1997,12,95.2
64,Jumla,Jumla,303,1998,1,2
64,Jumla,Jumla,303,1998,2,41.6
64,Jumla,Jumla,303,1998,3,91.1
64,Jumla,Jumla,303,1998,4,47
64,Jumla,Jumla,303,1998,5,47.7
64,Jumla,Jumla,303,1998,6,58.6
64,Jumla,Jumla,303,1998,7,106.1
64,Jumla,Jumla,303,1998,8,171
64,Jumla,Jumla,303,1998,9,171.7
64,Jumla,Jumla,303,1998,10,51.3
64,Jumla,Jumla,303,1998,11,45.6
64,Jumla,Jumla,303,1998,12,0
64,Jumla,Jumla,303,1999,1,15.9
64,Jumla,Jumla,303,1999,2,17.6
64,Jumla,Jumla,303,1999,3,4.1
64,Jumla,Jumla,303,1999,4,6.5
64,Jumla,Jumla,303,1999,5,27.4
64,Jumla,Jumla,303,1999,6,113.1
64,Jumla,Jumla,303,1999,7,194.9
64,Jumla,Jumla,303,1999,8,97.2
64,Jumla,Jumla,303,1999,9,131.8
64,Jumla,Jumla,303,1999,10,65.7
64,Jumla,Jumla,303,1999,11,0
64,Jumla,Jumla,303,1999,12,1.5
64,Jumla,Jumla,303,2000,1,9.5
64,Jumla,Jumla,303,2000,2,41
64,Jumla,Jumla,303,2000,3,42.4
64,Jumla,Jumla,303,2000,4,55.8
64,Jumla,Jumla,303,2000,5,74.2
64,Jumla,Jumla,303,2000,6,159.7
64,Jumla,Jumla,303,2000,7,197
64,Jumla,Jumla,303,2000,8,143.4
64,Jumla,Jumla,303,2000,9,145.8
64,Jumla,Jumla,303,2000,10,3.8
64,Jumla,Jumla,303,2000,11,9.8
64,Jumla,Jumla,303,2000,12,4.2
64,Jumla,Jumla,303,2001,1,28.7
64,Jumla,Jumla,303,2001,2,45.4
64,Jumla,Jumla,303,2001,3,50.7
64,Jumla,Jumla,303,2001,4,40.2
64,Jumla,Jumla,303,2001,5,84.7
64,Jumla,Jumla,303,2001,6,181.9
64,Jumla,Jumla,303,2001,7,108.9
64,Jumla,Jumla,303,2001,8,130.5
64,Jumla,Jumla,303,2001,9,44.3
64,Jumla,Jumla,303,2001,10,11.6
64,Jumla,Jumla,303,2001,11,1.2
64,Jumla,Jumla,303,2001,12,0
64,Jumla,Jumla,303,2002,1,74.7
64,Jumla,Jumla,303,2002,2,55.2
64,Jumla,Jumla,303,2002,3,62
64,Jumla,Jumla,303,2002,4,114.9
64,Jumla,Jumla,303,2002,5,45.6
64,Jumla,Jumla,303,2002,6,29.3
64,Jumla,Jumla,303,2002,7,44.3
64,Jumla,Jumla,303,2002,8,290.9
64,Jumla,Jumla,303,2002,9,89.8
64,Jumla,Jumla,303,2002,10,12.2
64,Jumla,Jumla,303,2002,11,23.3
64,Jumla,Jumla,303,2002,12,0
64,Jumla,Jumla,303,2003,1,44.4
64,Jumla,Jumla,303,2003,2,65.1
64,Jumla,Jumla,303,2003,3,43.2
64,Jumla,Jumla,303,2003,4,48.1
64,Jumla,Jumla,303,2003,5,31.3
64,Jumla,Jumla,303,2003,6,63.6
64,Jumla,Jumla,303,2003,7,171.2
64,Jumla,Jumla,303,2003,8,236.3
64,Jumla,Jumla,303,2003,9,121.4
64,Jumla,Jumla,303,2003,10,10.3
64,Jumla,Jumla,303,2003,11,0
64,Jumla,Jumla,303,2003,12,8
64,Jumla,Jumla,303,2004,1,22.6
64,Jumla,Jumla,303,2004,2,0.7
64,Jumla,Jumla,303,2004,3,0
64,Jumla,Jumla,303,2004,4,59.3
64,Jumla,Jumla,303,2004,5,79.1
64,Jumla,Jumla,303,2004,6,64.9
64,Jumla,Jumla,303,2004,7,123.7
64,Jumla,Jumla,303,2004,8,215.7
64,Jumla,Jumla,303,2004,9,71.8
64,Jumla,Jumla,303,2004,10,46.4
64,Jumla,Jumla,303,2004,11,1.2
64,Jumla,Jumla,303,2004,12,0
64,Jumla,Jumla,303,2005,1,37.9
64,Jumla,Jumla,303,2005,2,51.5
64,Jumla,Jumla,303,2005,3,33.9
64,Jumla,Jumla,303,2005,4,17.4
64,Jumla,Jumla,303,2005,5,26.9
64,Jumla,Jumla,303,2005,6,12.7
64,Jumla,Jumla,303,2005,7,302.4
64,Jumla,Jumla,303,2005,8,85.9
64,Jumla,Jumla,303,2005,9,80
64,Jumla,Jumla,303,2005,10,8.5
64,Jumla,Jumla,303,2005,11,0
64,Jumla,Jumla,303,2005,12,12.4
64,Jumla,Jumla,303,2006,1,0
64,Jumla,Jumla,303,2006,2,0.5
64,Jumla,Jumla,303,2006,3,46.2
64,Jumla,Jumla,303,2006,4,45.1
64,Jumla,Jumla,303,2006,5,59.5
64,Jumla,Jumla,303,2006,6,36.6
64,Jumla,Jumla,303,2006,7,236.8
64,Jumla,Jumla,303,2006,8,218.4
64,Jumla,Jumla,303,2006,9,57.9
64,Jumla,Jumla,303,2006,10,10
64,Jumla,Jumla,303,2006,11,23.2
64,Jumla,Jumla,303,2006,12,13.5
64,Jumla,Jumla,303,2007,1,1.4
64,Jumla,Jumla,303,2007,2,44.7
64,Jumla,Jumla,303,2007,3,119.6
64,Jumla,Jumla,303,2007,4,23.4
64,Jumla,Jumla,303,2007,5,48
64,Jumla,Jumla,303,2007,6,83.1
64,Jumla,Jumla,303,2007,7,206.3
64,Jumla,Jumla,303,2007,8,144.8
64,Jumla,Jumla,303,2007,9,136.6
64,Jumla,Jumla,303,2007,10,19.5
64,Jumla,Jumla,303,2007,11,0.4
64,Jumla,Jumla,303,2007,12,4
64,Jumla,Jumla,303,2008,1,24.7
64,Jumla,Jumla,303,2008,2,2.2
64,Jumla,Jumla,303,2008,3,32.1
64,Jumla,Jumla,303,2008,4,36.7
64,Jumla,Jumla,303,2008,5,82
64,Jumla,Jumla,303,2008,6,201.8
64,Jumla,Jumla,303,2008,7,178.2
64,Jumla,Jumla,303,2008,8,250.8
64,Jumla,Jumla,303,2008,9,141.4
64,Jumla,Jumla,303,2008,10,15.1
64,Jumla,Jumla,303,2008,11,0
64,Jumla,Jumla,303,2008,12,1.7
64,Jumla,Jumla,303,2009,1,1.3
64,Jumla,Jumla,303,2009,2,34.6
64,Jumla,Jumla,303,2009,3,15.9
64,Jumla,Jumla,303,2009,4,20.7
64,Jumla,Jumla,303,2009,5,70.3
64,Jumla,Jumla,303,2009,6,12.1
64,Jumla,Jumla,303,2009,7,168.2
64,Jumla,Jumla,303,2009,8,82
64,Jumla,Jumla,303,2009,9,112.7
64,Jumla,Jumla,303,2009,10,163.4
64,Jumla,Jumla,303,2009,11,14.1
64,Jumla,Jumla,303,2009,12,1
64,Jumla,Jumla,303,2010,1,7.8
64,Jumla,Jumla,303,2010,2,68.3
64,Jumla,Jumla,303,2010,3,12.9
64,Jumla,Jumla,303,2010,4,34.6
64,Jumla,Jumla,303,2010,5,104
64,Jumla,Jumla,303,2010,6,50.7
64,Jumla,Jumla,303,2010,7,189.4
64,Jumla,Jumla,303,2010,8,222.1
64,Jumla,Jumla,303,2010,9,98.6
64,Jumla,Jumla,303,2010,10,4.8
64,Jumla,Jumla,303,2010,11,0
64,Jumla,Jumla,303,2010,12,2.1
64,Jumla,Jumla,303,2011,1,21.1
64,Jumla,Jumla,303,2011,2,91.3
64,Jumla,Jumla,303,2011,3,38.8
64,Jumla,Jumla,303,2011,4,52.8
64,Jumla,Jumla,303,2011,5,60.2
64,Jumla,Jumla,303,2011,6,93.5
64,Jumla,Jumla,303,2011,7,205.2
64,Jumla,Jumla,303,2011,8,260.4
64,Jumla,Jumla,303,2011,9,119.1
64,Jumla,Jumla,303,2011,10,2.3
64,Jumla,Jumla,303,2011,11,0
64,Jumla,Jumla,303,2011,12,0
64,Jumla,Jumla,303,2012,1,48.5
64,Jumla,Jumla,303,2012,2,57.1
64,Jumla,Jumla,303,2012,3,29.8
64,Jumla,Jumla,303,2012,4,59.1
64,Jumla,Jumla,303,2012,5,36.1
64,Jumla,Jumla,303,2012,6,40.5
64,Jumla,Jumla,303,2012,7,117.8
64,Jumla,Jumla,303,2012,8,268.5
64,Jumla,Jumla,303,2012,9,124
64,Jumla,Jumla,303,2012,10,0
64,Jumla,Jumla,303,2012,11,2.3
64,Jumla,Jumla,303,2012,12,1.5
64,Jumla,Jumla,303,2013,1,100.3
64,Jumla,Jumla,303,2013,2,112.2
64,Jumla,Jumla,303,2013,3,18.3
64,Jumla,Jumla,303,2013,4,28.7
64,Jumla,Jumla,303,2013,5,26.3
64,Jumla,Jumla,303,2013,6,189.8
64,Jumla,Jumla,303,2013,7,209.9
64,Jumla,Jumla,303,2013,8,176.9
64,Jumla,Jumla,303,2013,9,72.7
64,Jumla,Jumla,303,2013,10,45.8
64,Jumla,Jumla,303,2013,11,8.4
64,Jumla,Jumla,303,2013,12,1
64,Jumla,Jumla,303,2014,1,42
64,Jumla,Jumla,303,2014,2,33.2
64,Jumla,Jumla,303,2014,3,57.6
64,Jumla,Jumla,303,2014,4,15.9
64,Jumla,Jumla,303,2014,5,43.7
64,Jumla,Jumla,303,2014,6,24.5
64,Jumla,Jumla,303,2014,7,247.6
64,Jumla,Jumla,303,2014,8,121.8
64,Jumla,Jumla,303,2014,9,103.8
64,Jumla,Jumla,303,2014,10,65.9
64,Jumla,Jumla,303,2014,11,0
64,Jumla,Jumla,303,2014,12,44.1
64,Jumla,Jumla,303,2015,1,73.3
64,Jumla,Jumla,303,2015,2,89.1
64,Jumla,Jumla,303,2015,3,124.7
64,Jumla,Jumla,303,2015,4,65.5
64,Jumla,Jumla,303,2015,5,30.4
64,Jumla,Jumla,303,2015,6,125.2
64,Jumla,Jumla,303,2015,7,118.2
64,Jumla,Jumla,303,2015,8,117.1
64,Jumla,Jumla,303,2015,9,29.6
64,Jumla,Jumla,303,2015,10,34.3
64,Jumla,Jumla,303,2015,11,3.4
64,Jumla,Jumla,303,2015,12,0
64,Jumla,Jumla,303,2016,1,26.6
64,Jumla,Jumla,303,2016,2,8.8
64,Jumla,Jumla,303,2016,3,40.1
64,Jumla,Jumla,303,2016,4,11.1
64,Jumla,Jumla,303,2016,5,55.8
64,Jumla,Jumla,303,2016,6,48.3
64,Jumla,Jumla,303,2016,7,262.1
64,Jumla,Jumla,303,2016,8,236.7
64,Jumla,Jumla,303,2016,9,45.7
64,Jumla,Jumla,303,2016,10,12.6
64,Jumla,Jumla,303,2016,11,0
64,Jumla,Jumla,303,2016,12,0
64,Jumla,Jumla,303,2017,1,33.7
64,Jumla,Jumla,303,2017,2,0.3
64,Jumla,Jumla,303,2017,3,65.3
64,Jumla,Jumla,303,2017,4,65.9
64,Jumla,Jumla,303,2017,5,67.2
64,Jumla,Jumla,303,2017,6,93.6
64,Jumla,Jumla,303,2017,7,280.1
64,Jumla,Jumla,303,2017,8,123.8
64,Jumla,Jumla,303,2017,9,74.8
64,Jumla,Jumla,303,2017,10,1.5
64,Jumla,Jumla,303,2017,11,2.1
64,Jumla,Jumla,303,2017,12,5.7
64,Jumla,Jumla,303,2018,1,5
64,Jumla,Jumla,303,2018,2,31.3
64,Jumla,Jumla,303,2018,3,56.4
64,Jumla,Jumla,303,2018,4,40.3
64,Jumla,Jumla,303,2018,5,62.2
64,Jumla,Jumla,303,2018,6,65
64,Jumla,Jumla,303,2018,7,160.4
64,Jumla,Jumla,303,2018,8,225.4
64,Jumla,Jumla,303,2018,9,73.3
64,Jumla,Jumla,303,2018,10,0
64,Jumla,Jumla,303,2018,11,0.4
64,Jumla,Jumla,303,2018,12,0.6
64,Jumla,Jumla,303,2019,1,55.6
64,Jumla,Jumla,303,2019,2,164.3
64,Jumla,Jumla,303,2019,3,18.4
64,Jumla,Jumla,303,2019,4,70.5
64,Jumla,Jumla,303,2019,5,31.5
64,Jumla,Jumla,303,2019,6,74.9
64,Jumla,Jumla,303,2019,7,174.8
64,Jumla,Jumla,303,2019,8,154.3
64,Jumla,Jumla,303,2019,9,140.5
64,Jumla,Jumla,303,2019,10,8.6
64,Jumla,Jumla,303,2019,11,0.2
64,Jumla,Jumla,303,2019,12,54.9
121,Rajbiraj,Saptari,1223,1990,1,0
121,Rajbiraj,Saptari,1223,1990,2,19.5
121,Rajbiraj,Saptari,1223,1990,3,50
121,Rajbiraj,Saptari,1223,1990,4,22.5
121,Rajbiraj,Saptari,1223,1990,5,208.9
121,Rajbiraj,Saptari,1223,1990,6,273.8
121,Rajbiraj,Saptari,1223,1990,7,783.1
121,Rajbiraj,Saptari,1223,1990,8,310
121,Rajbiraj,Saptari,1223,1990,9,125.4
121,Rajbiraj,Saptari,1223,1990,10,20
121,Rajbiraj,Saptari,1223,1990,11,0
121,Rajbiraj,Saptari,1223,1990,12,0
121,Rajbiraj,Saptari,1223,1991,1,66.2
121,Rajbiraj,Saptari,1223,1991,2,2.5
121,Rajbiraj,Saptari,1223,1991,3,16.5
121,Rajbiraj,Saptari,1223,1991,4,22.6
121,Rajbiraj,Saptari,1223,1991,5,27.2
121,Rajbiraj,Saptari,1223,1991,6,371.4
121,Rajbiraj,Saptari,1223,1991,7,121.2
121,Rajbiraj,Saptari,1223,1991,8,289.1
121,Rajbiraj,Saptari,1223,1991,9,205.2
121,Rajbiraj,Saptari,1223,1991,10,28
121,Rajbiraj,Saptari,1223,1991,11,0
121,Rajbiraj,Saptari,1223,1991,12,13.5
121,Rajbiraj,Saptari,1223,1992,1,2
121,Rajbiraj,Saptari,1223,1992,2,0
121,Rajbiraj,Saptari,1223,1992,3,0
121,Rajbiraj,Saptari,1223,1992,4,22.5
121,Rajbiraj,Saptari,1223,1992,5,104.9
121,Rajbiraj,Saptari,1223,1992,6,70.3
121,Rajbiraj,Saptari,1223,1992,7,228.3
121,Rajbiraj,Saptari,1223,1992,8,138.6
121,Rajbiraj,Saptari,1223,1992,9,157.2
121,Rajbiraj,Saptari,1223,1992,10,62.1
121,Rajbiraj,Saptari,1223,1992,11,0
121,Rajbiraj,Saptari,1223,1992,12,0
121,Rajbiraj,Saptari,1223,1993,1,19
121,Rajbiraj,Saptari,1223,1993,2,6.9
121,Rajbiraj,Saptari,1223,1993,3,37.3
121,Rajbiraj,Saptari,1223,1993,4,103.8
121,Rajbiraj,Saptari,1223,1993,5,67.2
121,Rajbiraj,Saptari,1223,1993,6,314.1
121,Rajbiraj,Saptari,1223,1993,7,337.1
121,Rajbiraj,Saptari,1223,1993,8,572.6
121,Rajbiraj,Saptari,1223,1993,9,341.1
121,Rajbiraj,Saptari,1223,1993,10,8.7
121,Rajbiraj,Saptari,1223,1993,11,0
121,Rajbiraj,Saptari,1223,1993,12,0
121,Rajbiraj,Saptari,1223,1994,1,45
121,Rajbiraj,Saptari,1223,1994,2,34.5
121,Rajbiraj,Saptari,1223,1994,3,0
121,Rajbiraj,Saptari,1223,1994,4,1
121,Rajbiraj,Saptari,1223,1994,5,95.5
121,Rajbiraj,Saptari,1223,1994,6,94.6
121,Rajbiraj,Saptari,1223,1994,7,287.9
121,Rajbiraj,Saptari,1223,1994,8,311.7
121,Rajbiraj,Saptari,1223,1994,9,346.4
121,Rajbiraj,Saptari,1223,1994,10,0
121,Rajbiraj,Saptari,1223,1994,11,0.4
121,Rajbiraj,Saptari,1223,1994,12,0.5
121,Rajbiraj,Saptari,1223,1995,1,6.5
121,Rajbiraj,Saptari,1223,1995,2,10
121,Rajbiraj,Saptari,1223,1995,3,1.2
121,Rajbiraj,Saptari,1223,1995,4,0
121,Rajbiraj,Saptari,1223,1995,5,6.6
121,Rajbiraj,Saptari,1223,1995,6,282
121,Rajbiraj,Saptari,1223,1995,7,212.2
121,Rajbiraj,Saptari,1223,1995,8,230.2
121,Rajbiraj,Saptari,1223,1995,9,184.9
121,Rajbiraj,Saptari,1223,1995,10,106.4
121,Rajbiraj,Saptari,1223,1995,11,75.6
121,Rajbiraj,Saptari,1223,1995,12,14.1
121,Rajbiraj,Saptari,1223,1996,1,30.4
121,Rajbiraj,Saptari,1223,1996,2,6.3
121,Rajbiraj,Saptari,1223,1996,3,0
121,Rajbiraj,Saptari,1223,1996,4,16.6
121,Rajbiraj,Saptari,1223,1996,5,144
121,Rajbiraj,Saptari,1223,1996,6,222.9
121,Rajbiraj,Saptari,1223,1996,7,702.4
121,Rajbiraj,Saptari,1223,1996,8,437.9
121,Rajbiraj,Saptari,1223,1996,9,154.3
121,Rajbiraj,Saptari,1223,1996,10,62.3
121,Rajbiraj,Saptari,1223,1996,11,0
121,Rajbiraj,Saptari,1223,1996,12,0
121,Rajbiraj,Saptari,1223,1997,1,9.6
121,Rajbiraj,Saptari,1223,1997,2,0
121,Rajbiraj,Saptari,1223,1997,3,2.8
121,Rajbiraj,Saptari,1223,1997,4,61
121,Rajbiraj,Saptari,1223,1997,5,144.6
121,Rajbiraj,Saptari,1223,1997,6,301.6
121,Rajbiraj,Saptari,1223,1997,7,465.8
121,Rajbiraj,Saptari,1223,1997,8,207
121,Rajbiraj,Saptari,1223,1997,9,208.2
121,Rajbiraj,Saptari,1223,1997,10,34.7
121,Rajbiraj,Saptari,1223,1997,11,0
121,Rajbiraj,Saptari,1223,1997,12,92.2
121,Rajbiraj,Saptari,1223,1998,1,6.2
121,Rajbiraj,Saptari,1223,1998,2,9.2
121,Rajbiraj,Saptari,1223,1998,3,34
121,Rajbiraj,Saptari,1223,1998,4,72.6
121,Rajbiraj,Saptari,1223,1998,5,81.2
121,Rajbiraj,Saptari,1223,1998,6,71.9
121,Rajbiraj,Saptari,1223,1998,7,638.7
121,Rajbiraj,Saptari,1223,1998,8,547.5
121,Rajbiraj,Saptari,1223,1998,9,174.6
121,Rajbiraj,Saptari,1223,1998,10,70.4
121,Rajbiraj,Saptari,1223,1998,11,0
121,Rajbiraj,Saptari,1223,1998,12,0
121,Rajbiraj,Saptari,1223,1999,1,0
121,Rajbiraj,Saptari,1223,1999,2,0
121,Rajbiraj,Saptari,1223,1999,3,0
121,Rajbiraj,Saptari,1223,1999,4,0.3
121,Rajbiraj,Saptari,1223,1999,5,117.2
121,Rajbiraj,Saptari,1223,1999,6,299.3
121,Rajbiraj,Saptari,1223,1999,7,605.4
121,Rajbiraj,Saptari,1223,1999,8,343.3
121,Rajbiraj,Saptari,1223,1999,9,137.4
121,Rajbiraj,Saptari,1223,1999,10,159.8
121,Rajbiraj,Saptari,1223,1999,11,0
121,Rajbiraj,Saptari,1223,1999,12,0
121,Rajbiraj,Saptari,1223,2000,1,0
121,Rajbiraj,Saptari,1223,2000,2,13.2
121,Rajbiraj,Saptari,1223,2000,3,0.2
121,Rajbiraj,Saptari,1223,2000,4,118.2
121,Rajbiraj,Saptari,1223,2000,5,183.2
121,Rajbiraj,Saptari,1223,2000,6,503.6
121,Rajbiraj,Saptari,1223,2000,7,497.6
121,Rajbiraj,Saptari,1223,2000,8,423.4
121,Rajbiraj,Saptari,1223,2000,9,231.7
121,Rajbiraj,Saptari,1223,2000,10,25.6
121,Rajbiraj,Saptari,1223,2000,11,0
121,Rajbiraj,Saptari,1223,2000,12,0
121,Rajbiraj,Saptari,1223,2001,1,0
121,Rajbiraj,Saptari,1223,2001,2,0
121,Rajbiraj,Saptari,1223,2001,3,2.3
121,Rajbiraj,Saptari,1223,2001,4,2.4
121,Rajbiraj,Saptari,1223,2001,5,190.2
121,Rajbiraj,Saptari,1223,2001,6,345.8
121,Rajbiraj,Saptari,1223,2001,7,169.6
121,Rajbiraj,Saptari,1223,2001,8,317
121,Rajbiraj,Saptari,1223,2001,9,395.6
121,Rajbiraj,Saptari,1223,2001,10,395.6
121,Rajbiraj,Saptari,1223,2001,11,8
121,Rajbiraj,Saptari,1223,2001,12,0
121,Rajbiraj,Saptari,1223,2002,1,36
121,Rajbiraj,Saptari,1223,2002,2,3.4
121,Rajbiraj,Saptari,1223,2002,3,3.8
121,Rajbiraj,Saptari,1223,2002,4,67.8
121,Rajbiraj,Saptari,1223,2002,5,228.4
121,Rajbiraj,Saptari,1223,2002,6,196.6
121,Rajbiraj,Saptari,1223,2002,7,1073.8
121,Rajbiraj,Saptari,1223,2002,8,136
121,Rajbiraj,Saptari,1223,2002,9,175.4
121,Rajbiraj,Saptari,1223,2002,10,102.4
121,Rajbiraj,Saptari,1223,2002,11,0
121,Rajbiraj,Saptari,1223,2002,12,0
121,Rajbiraj,Saptari,1223,2003,1,37.4
121,Rajbiraj,Saptari,1223,2003,2,14.6
121,Rajbiraj,Saptari,1223,2003,3,27
121,Rajbiraj,Saptari,1223,2003,4,89.6
121,Rajbiraj,Saptari,1223,2003,5,155
121,Rajbiraj,Saptari,1223,2003,6,560.6
121,Rajbiraj,Saptari,1223,2003,7,438
121,Rajbiraj,Saptari,1223,2003,8,197
121,Rajbiraj,Saptari,1223,2003,9,71.4
121,Rajbiraj,Saptari,1223,2003,10,155.2
121,Rajbiraj,Saptari,1223,2003,11,0
121,Rajbiraj,Saptari,1223,2003,12,17
121,Rajbiraj,Saptari,1223,2004,1,21.4
121,Rajbiraj,Saptari,1223,2004,2,0
121,Rajbiraj,Saptari,1223,2004,3,5
121,Rajbiraj,Saptari,1223,2004,4,76.6
121,Rajbiraj,Saptari,1223,2004,5,152.2
121,Rajbiraj,Saptari,1223,2004,6,388.4
121,Rajbiraj,Saptari,1223,2004,7,1057.7
121,Rajbiraj,Saptari,1223,2004,8,233.6
121,Rajbiraj,Saptari,1223,2004,9,222.4
121,Rajbiraj,Saptari,1223,2004,10,27.8
121,Rajbiraj,Saptari,1223,2004,11,0
121,Rajbiraj,Saptari,1223,2004,12,0
121,Rajbiraj,Saptari,1223,2005,1,22.8
121,Rajbiraj,Saptari,1223,2005,2,5.4
121,Rajbiraj,Saptari,1223,2005,3,9
121,Rajbiraj,Saptari,1223,2005,4,23.5
121,Rajbiraj,Saptari,1223,2005,6,225.8
121,Rajbiraj,Saptari,1223,2005,7,209.4
121,Rajbiraj,Saptari,1223,2005,8,302.5
121,Rajbiraj,Saptari,1223,2005,9,151
121,Rajbiraj,Saptari,1223,2005,10,23.6
121,Rajbiraj,Saptari,1223,2005,11,0
121,Rajbiraj,Saptari,1223,2005,12,0
121,Rajbiraj,Saptari,1223,2006,1,0
121,Rajbiraj,Saptari,1223,2006,2,0
121,Rajbiraj,Saptari,1223,2006,3,20.4
121,Rajbiraj,Saptari,1223,2006,4,76
121,Rajbiraj,Saptari,1223,2006,5,74.1
121,Rajbiraj,Saptari,1223,2006,6,111.6
121,Rajbiraj,Saptari,1223,2006,7,176.6
121,Rajbiraj,Saptari,1223,2006,8,130.8
121,Rajbiraj,Saptari,1223,2006,9,475.2
121,Rajbiraj,Saptari,1223,2006,10,44.2
121,Rajbiraj,Saptari,1223,2006,12,4.8
121,Rajbiraj,Saptari,1223,2007,1,0
121,Rajbiraj,Saptari,1223,2007,2,18.1
121,Rajbiraj,Saptari,1223,2007,3,0
121,Rajbiraj,Saptari,1223,2007,6,225.9
121,Rajbiraj,Saptari,1223,2007,7,419.9
121,Rajbiraj,Saptari,1223,2007,8,146.6
121,Rajbiraj,Saptari,1223,2007,9,190
121,Rajbiraj,Saptari,1223,2007,10,8
121,Rajbiraj,Saptari,1223,2007,11,0
121,Rajbiraj,Saptari,1223,2007,12,0
121,Rajbiraj,Saptari,1223,2008,1,1
121,Rajbiraj,Saptari,1223,2008,2,22
121,Rajbiraj,Saptari,1223,2008,3,9.5
121,Rajbiraj,Saptari,1223,2008,4,48.8
121,Rajbiraj,Saptari,1223,2008,5,130.7
121,Rajbiraj,Saptari,1223,2008,6,264.9
121,Rajbiraj,Saptari,1223,2008,7,431.5
121,Rajbiraj,Saptari,1223,2008,8,183.8
121,Rajbiraj,Saptari,1223,2008,9,79.2
121,Rajbiraj,Saptari,1223,2008,10,41
121,Rajbiraj,Saptari,1223,2008,11,0
121,Rajbiraj,Saptari,1223,2008,12,0
121,Rajbiraj,Saptari,1223,2009,1,0
121,Rajbiraj,Saptari,1223,2009,2,0
121,Rajbiraj,Saptari,1223,2009,3,6
121,Rajbiraj,Saptari,1223,2009,4,20.2
121,Rajbiraj,Saptari,1223,2009,5,212.2
121,Rajbiraj,Saptari,1223,2009,6,120.8
121,Rajbiraj,Saptari,1223,2009,7,226.8
121,Rajbiraj,Saptari,1223,2009,8,327.7
121,Rajbiraj,Saptari,1223,2009,9,6.4
121,Rajbiraj,Saptari,1223,2009,10,29.5
121,Rajbiraj,Saptari,1223,2009,11,1.5
121,Rajbiraj,Saptari,1223,2009,12,0
121,Rajbiraj,Saptari,1223,2010,1,0
121,Rajbiraj,Saptari,1223,2010,2,0
121,Rajbiraj,Saptari,1223,2010,3,0
121,Rajbiraj,Saptari,1223,2010,4,35.2
121,Rajbiraj,Saptari,1223,2010,5,87.5
121,Rajbiraj,Saptari,1223,2010,6,121
121,Rajbiraj,Saptari,1223,2010,7,279.7
121,Rajbiraj,Saptari,1223,2010,8,348
121,Rajbiraj,Saptari,1223,2010,9,216
121,Rajbiraj,Saptari,1223,2010,10,53.5
121,Rajbiraj,Saptari,1223,2010,11,0
121,Rajbiraj,Saptari,1223,2010,12,0
121,Rajbiraj,Saptari,1223,2011,1,4.5
121,Rajbiraj,Saptari,1223,2011,2,16
121,Rajbiraj,Saptari,1223,2011,3,16.5
121,Rajbiraj,Saptari,1223,2011,4,98.2
121,Rajbiraj,Saptari,1223,2011,5,236
121,Rajbiraj,Saptari,1223,2011,6,235.5
121,Rajbiraj,Saptari,1223,2011,7,531.1
121,Rajbiraj,Saptari,1223,2011,8,348.3
121,Rajbiraj,Saptari,1223,2011,9,166
121,Rajbiraj,Saptari,1223,2011,10,0
121,Rajbiraj,Saptari,1223,2011,11,28
121,Rajbiraj,Saptari,1223,2011,12,0
121,Rajbiraj,Saptari,1223,2012,1,10.5
121,Rajbiraj,Saptari,1223,2012,2,0.8
121,Rajbiraj,Saptari,1223,2012,3,3
121,Rajbiraj,Saptari,1223,2012,4,89.5
121,Rajbiraj,Saptari,1223,2012,5,57.1
121,Rajbiraj,Saptari,1223,2012,6,224.1
121,Rajbiraj,Saptari,1223,2012,7,260.6
121,Rajbiraj,Saptari,1223,2012,8,151.1
121,Rajbiraj,Saptari,1223,2012,9,137.5
121,Rajbiraj,Saptari,1223,2012,10,34.8
121,Rajbiraj,Saptari,1223,2012,11,0
121,Rajbiraj,Saptari,1223,2012,12,0
121,Rajbiraj,Saptari,1223,2013,1,14.3
121,Rajbiraj,Saptari,1223,2013,2,26
121,Rajbiraj,Saptari,1223,2013,3,16
121,Rajbiraj,Saptari,1223,2013,4,41.9
121,Rajbiraj,Saptari,1223,2013,5,136.3
121,Rajbiraj,Saptari,1223,2013,6,303.8
121,Rajbiraj,Saptari,1223,2013,7,297.1
121,Rajbiraj,Saptari,1223,2013,8,190
121,Rajbiraj,Saptari,1223,2013,9,123.8
121,Rajbiraj,Saptari,1223,2013,10,158.2
121,Rajbiraj,Saptari,1223,2013,11,0
121,Rajbiraj,Saptari,1223,2013,12,0
121,Rajbiraj,Saptari,1223,2014,1,0
121,Rajbiraj,Saptari,1223,2014,2,21.1
121,Rajbiraj,Saptari,1223,2014,3,0
121,Rajbiraj,Saptari,1223,2014,4,44.4
121,Rajbiraj,Saptari,1223,2014,5,155.1
121,Rajbiraj,Saptari,1223,2014,6,226.8
121,Rajbiraj,Saptari,1223,2014,7,205.7
121,Rajbiraj,Saptari,1223,2014,8,362.7
121,Rajbiraj,Saptari,1223,2014,9,266.1
121,Rajbiraj,Saptari,1223,2014,10,109.9
121,Rajbiraj,Saptari,1223,2014,11,0
121,Rajbiraj,Saptari,1223,2014,12,0.8
121,Rajbiraj,Saptari,1223,2015,1,22.2
121,Rajbiraj,Saptari,1223,2015,2,11.5
121,Rajbiraj,Saptari,1223,2015,3,31.1
121,Rajbiraj,Saptari,1223,2015,4,41.2
121,Rajbiraj,Saptari,1223,2015,5,144.5
121,Rajbiraj,Saptari,1223,2015,6,164.1
121,Rajbiraj,Saptari,1223,2015,7,235.8
121,Rajbiraj,Saptari,1223,2015,8,300.2
121,Rajbiraj,Saptari,1223,2015,9,275.2
121,Rajbiraj,Saptari,1223,2015,10,4.4
121,Rajbiraj,Saptari,1223,2015,11,0
121,Rajbiraj,Saptari,1223,2015,12,0
121,Rajbiraj,Saptari,1223,2016,1,39.2
121,Rajbiraj,Saptari,1223,2016,2,0
121,Rajbiraj,Saptari,1223,2016,3,10.6
121,Rajbiraj,Saptari,1223,2016,4,40.2
121,Rajbiraj,Saptari,1223,2016,5,266.3
121,Rajbiraj,Saptari,1223,2016,6,388.3
121,Rajbiraj,Saptari,1223,2016,7,361.1
121,Rajbiraj,Saptari,1223,2016,8,110.1
121,Rajbiraj,Saptari,1223,2016,9,295.6
121,Rajbiraj,Saptari,1223,2016,10,41
121,Rajbiraj,Saptari,1223,2016,11,0
121,Rajbiraj,Saptari,1223,2016,12,0
121,Rajbiraj,Saptari,1223,2017,1,0
121,Rajbiraj,Saptari,1223,2017,2,0
121,Rajbiraj,Saptari,1223,2017,3,72.8
121,Rajbiraj,Saptari,1223,2017,4,78.4
121,Rajbiraj,Saptari,1223,2017,5,183
121,Rajbiraj,Saptari,1223,2017,6,149.2
121,Rajbiraj,Saptari,1223,2017,7,314.5
121,Rajbiraj,Saptari,1223,2017,8,690
121,Rajbiraj,Saptari,1223,2017,9,128.5
121,Rajbiraj,Saptari,1223,2017,10,54
121,Rajbiraj,Saptari,1223,2017,11,0
121,Rajbiraj,Saptari,1223,2017,12,0
121,Rajbiraj,Saptari,1223,2018,1,0
121,Rajbiraj,Saptari,1223,2018,2,0
121,Rajbiraj,Saptari,1223,2018,3,4.8
121,Rajbiraj,Saptari,1223,2018,4,117.3
121,Rajbiraj,Saptari,1223,2018,5,122.9
121,Rajbiraj,Saptari,1223,2018,6,120.6
121,Rajbiraj,Saptari,1223,2018,7,236.6
121,Rajbiraj,Saptari,1223,2018,8,442
121,Rajbiraj,Saptari,1223,2018,9,179.4
121,Rajbiraj,Saptari,1223,2018,10,13.1
121,Rajbiraj,Saptari,1223,2018,11,0
121,Rajbiraj,Saptari,1223,2018,12,1
121,Rajbiraj,Saptari,1223,2019,1,0.5
121,Rajbiraj,Saptari,1223,2019,2,24.7
121,Rajbiraj,Saptari,1223,2019,3,4.3
121,Rajbiraj,Saptari,1223,2019,4,94.9
121,Rajbiraj,Saptari,1223,2019,5,78.5
121,Rajbiraj,Saptari,1223,2019,6,227
121,Rajbiraj,Saptari,1223,2019,7,616.3
121,Rajbiraj,Saptari,1223,2019,8,222.3
121,Rajbiraj,Saptari,1223,2019,9,523.5
121,Rajbiraj,Saptari,1223,2019,10,1.8
121,Rajbiraj,Saptari,1223,2019,11,0
121,Rajbiraj,Saptari,1223,2019,12,4.5
234,Tamghas,Gulmi,725,1990,1,0
234,Tamghas,Gulmi,725,1990,2,121.8
234,Tamghas,Gulmi,725,1990,3,110.1
234,Tamghas,Gulmi,725,1990,4,44
234,Tamghas,Gulmi,725,1990,5,134.6
234,Tamghas,Gulmi,725,1990,6,353.1
234,Tamghas,Gulmi,725,1990,7,547.8
234,Tamghas,Gulmi,725,1990,8,220.4
234,Tamghas,Gulmi,725,1990,9,105.2
234,Tamghas,Gulmi,725,1990,10,65.5
234,Tamghas,Gulmi,725,1990,11,0
234,Tamghas,Gulmi,725,1990,12,17.5
234,Tamghas,Gulmi,725,1991,1,34.5
234,Tamghas,Gulmi,725,1991,2,22.8
234,Tamghas,Gulmi,725,1991,3,25.8
234,Tamghas,Gulmi,725,1991,4,40.3
234,Tamghas,Gulmi,725,1991,5,78
234,Tamghas,Gulmi,725,1991,6,394.2
234,Tamghas,Gulmi,725,1991,7,307
234,Tamghas,Gulmi,725,1991,8,518.2
234,Tamghas,Gulmi,725,1991,9,235.6
234,Tamghas,Gulmi,725,1991,10,0
234,Tamghas,Gulmi,725,1991,11,9.3
234,Tamghas,Gulmi,725,1991,12,39.7
234,Tamghas,Gulmi,725,1992,1,19.3
234,Tamghas,Gulmi,725,1992,2,24.7
234,Tamghas,Gulmi,725,1992,3,0
234,Tamghas,Gulmi,725,1992,4,37.7
234,Tamghas,Gulmi,725,1992,5,78.1
234,Tamghas,Gulmi,725,1992,6,153.3
234,Tamghas,Gulmi,725,1992,7,310
234,Tamghas,Gulmi,725,1992,8,592.8
234,Tamghas,Gulmi,725,1992,9,136.9
234,Tamghas,Gulmi,725,1992,10,90
234,Tamghas,Gulmi,725,1992,11,6
234,Tamghas,Gulmi,725,1992,12,5.2
234,Tamghas,Gulmi,725,1993,1,11.9
234,Tamghas,Gulmi,725,1993,2,15.8
234,Tamghas,Gulmi,725,1993,3,48.2
234,Tamghas,Gulmi,725,1993,4,102.8
234,Tamghas,Gulmi,725,1993,5,94.3
234,Tamghas,Gulmi,725,1993,6,232.2
234,Tamghas,Gulmi,725,1993,7,476.5
234,Tamghas,Gulmi,725,1993,8,772
234,Tamghas,Gulmi,725,1993,9,394.1
234,Tamghas,Gulmi,725,1993,10,0
234,Tamghas,Gulmi,725,1993,11,0
234,Tamghas,Gulmi,725,1993,12,0
234,Tamghas,Gulmi,725,1994,1,20.9
234,Tamghas,Gulmi,725,1994,2,38.4
234,Tamghas,Gulmi,725,1994,3,6
234,Tamghas,Gulmi,725,1994,4,10
234,Tamghas,Gulmi,725,1994,5,243.1
234,Tamghas,Gulmi,725,1994,6,562.7
234,Tamghas,Gulmi,725,1994,7,444.1
234,Tamghas,Gulmi,725,1994,8,421.2
234,Tamghas,Gulmi,725,1994,9,177.9
234,Tamghas,Gulmi,725,1994,10,6
234,Tamghas,Gulmi,725,1994,11,0
234,Tamghas,Gulmi,725,1994,12,0
234,Tamghas,Gulmi,725,1995,1,19
234,Tamghas,Gulmi,725,1995,2,41.9
234,Tamghas,Gulmi,725,1995,3,44.5
234,Tamghas,Gulmi,725,1995,4,2
234,Tamghas,Gulmi,725,1995,5,51.6
234,Tamghas,Gulmi,725,1995,6,553.8
234,Tamghas,Gulmi,725,1995,7,425.3
234,Tamghas,Gulmi,725,1995,8,271.4
234,Tamghas,Gulmi,725,1995,9,141.3
234,Tamghas,Gulmi,725,1995,10,18
234,Tamghas,Gulmi,725,1995,11,89.5
234,Tamghas,Gulmi,725,1995,12,3.5
234,Tamghas,Gulmi,725,1996,1,65
234,Tamghas,Gulmi,725,1996,2,182.9
234,Tamghas,Gulmi,725,1996,3,23.5
234,Tamghas,Gulmi,725,1996,4,77
234,Tamghas,Gulmi,725,1996,5,3.5
234,Tamghas,Gulmi,725,1996,6,379.4
234,Tamghas,Gulmi,725,1996,7,619.6
234,Tamghas,Gulmi,725,1996,8,546.8
234,Tamghas,Gulmi,725,1996,9,272.1
234,Tamghas,Gulmi,725,1996,10,86.3
234,Tamghas,Gulmi,725,1996,11,0
234,Tamghas,Gulmi,725,1996,12,0
234,Tamghas,Gulmi,725,1997,1,56
234,Tamghas,Gulmi,725,1997,2,10.4
234,Tamghas,Gulmi,725,1997,3,4
234,Tamghas,Gulmi,725,1997,4,79.1
234,Tamghas,Gulmi,725,1997,5,68.8
234,Tamghas,Gulmi,725,1997,6,120
234,Tamghas,Gulmi,725,1997,7,761.8
234,Tamghas,Gulmi,725,1997,8,438.3
234,Tamghas,Gulmi,725,1997,9,190.1
234,Tamghas,Gulmi,725,1997,10,37
234,Tamghas,Gulmi,725,1997,11,29
234,Tamghas,Gulmi,725,1997,12,117
234,Tamghas,Gulmi,725,1998,1,0
234,Tamghas,Gulmi,725,1998,2,24.6
234,Tamghas,Gulmi,725,1998,3,69.5
234,Tamghas,Gulmi,725,1998,4,65.5
234,Tamghas,Gulmi,725,1998,5,176.2
234,Tamghas,Gulmi,725,1998,6,658.7
234,Tamghas,Gulmi,725,1998,7,793.5
234,Tamghas,Gulmi,725,1998,8,521.2
234,Tamghas,Gulmi,725,1998,9,329.3
234,Tamghas,Gulmi,725,1998,10,169
234,Tamghas,Gulmi,725,1998,11,5
234,Tamghas,Gulmi,725,1998,12,0
234,Tamghas,Gulmi,725,1999,1,6.3
234,Tamghas,Gulmi,725,1999,2,0.1
234,Tamghas,Gulmi,725,1999,3,0
234,Tamghas,Gulmi,725,1999,4,12
234,Tamghas,Gulmi,725,1999,5,117.5
234,Tamghas,Gulmi,725,1999,6,535.8
234,Tamghas,Gulmi,725,1999,7,385.1
234,Tamghas,Gulmi,725,1999,8,593.5
234,Tamghas,Gulmi,725,1999,9,246.9
234,Tamghas,Gulmi,725,1999,10,75.5
234,Tamghas,Gulmi,725,1999,11,0
234,Tamghas,Gulmi,725,1999,12,8.3
234,Tamghas,Gulmi,725,2000,1,39
234,Tamghas,Gulmi,725,2000,2,39.5
234,Tamghas,Gulmi,725,2000,3,18.5
234,Tamghas,Gulmi,725,2000,4,120.6
234,Tamghas,Gulmi,725,2000,5,176.7
234,Tamghas,Gulmi,725,2000,6,597.4
234,Tamghas,Gulmi,725,2000,7,382.8
234,Tamghas,Gulmi,725,2000,8,404.3
234,Tamghas,Gulmi,725,2000,9,409.5
234,Tamghas,Gulmi,725,2000,10,0
234,Tamghas,Gulmi,725,2000,11,0.5
234,Tamghas,Gulmi,725,2000,12,0
234,Tamghas,Gulmi,725,2001,1,2.8
234,Tamghas,Gulmi,725,2001,2,11
234,Tamghas,Gulmi,725,2001,3,8.5
234,Tamghas,Gulmi,725,2001,4,53
234,Tamghas,Gulmi,725,2001,5,131.5
234,Tamghas,Gulmi,725,2001,6,370.4
234,Tamghas,Gulmi,725,2001,7,573.8
234,Tamghas,Gulmi,725,2001,8,546.6
234,Tamghas,Gulmi,725,2001,9,202.9
234,Tamghas,Gulmi,725,2001,10,42
234,Tamghas,Gulmi,725,2001,11,29
234,Tamghas,Gulmi,725,2001,12,0
234,Tamghas,Gulmi,725,2002,1,62
234,Tamghas,Gulmi,725,2002,2,37.5
234,Tamghas,Gulmi,725,2002,3,150
234,Tamghas,Gulmi,725,2002,4,66.5
234,Tamghas,Gulmi,725,2002,5,132
234,Tamghas,Gulmi,725,2002,6,100
234,Tamghas,Gulmi,725,2002,7,213.6
234,Tamghas,Gulmi,725,2002,8,366.3
234,Tamghas,Gulmi,725,2002,9,270
234,Tamghas,Gulmi,725,2002,10,1
234,Tamghas,Gulmi,725,2002,11,0
234,Tamghas,Gulmi,725,2002,12,0
234,Tamghas,Gulmi,725,2003,1,47.5
234,Tamghas,Gulmi,725,2003,2,83.5
234,Tamghas,Gulmi,725,2003,3,67.5
234,Tamghas,Gulmi,725,2003,4,29.5
234,Tamghas,Gulmi,725,2003,5,191
234,Tamghas,Gulmi,725,2003,6,414
234,Tamghas,Gulmi,725,2003,7,574
234,Tamghas,Gulmi,725,2003,8,462.5
234,Tamghas,Gulmi,725,2003,9,394.5
234,Tamghas,Gulmi,725,2003,10,25
234,Tamghas,Gulmi,725,2003,11,0
234,Tamghas,Gulmi,725,2003,12,25
234,Tamghas,Gulmi,725,2004,1,51
234,Tamghas,Gulmi,725,2004,2,0.5
234,Tamghas,Gulmi,725,2004,3,0
234,Tamghas,Gulmi,725,2004,4,47.5
234,Tamghas,Gulmi,725,2004,5,173
234,Tamghas,Gulmi,725,2004,6,181.5
234,Tamghas,Gulmi,725,2004,7,358.5
234,Tamghas,Gulmi,725,2004,8,150.6
234,Tamghas,Gulmi,725,2004,9,225.5
234,Tamghas,Gulmi,725,2004,10,43
234,Tamghas,Gulmi,725,2004,11,2.5
234,Tamghas,Gulmi,725,2004,12,0
234,Tamghas,Gulmi,725,2005,1,26.5
234,Tamghas,Gulmi,725,2005,2,23.4
234,Tamghas,Gulmi,725,2005,3,20
234,Tamghas,Gulmi,725,2005,4,19.1
234,Tamghas,Gulmi,725,2005,5,35.5
234,Tamghas,Gulmi,725,2005,6,330.8
234,Tamghas,Gulmi,725,2005,7,451.4
234,Tamghas,Gulmi,725,2005,8,389.5
234,Tamghas,Gulmi,725,2005,9,201.9
234,Tamghas,Gulmi,725,2005,10,72.1
234,Tamghas,Gulmi,725,2005,11,0
234,Tamghas,Gulmi,725,2005,12,0
234,Tamghas,Gulmi,725,2006,1,0
234,Tamghas,Gulmi,725,2006,2,0
234,Tamghas,Gulmi,725,2006,3,42.5
234,Tamghas,Gulmi,725,2006,4,107.5
234,Tamghas,Gulmi,725,2006,5,142.4
234,Tamghas,Gulmi,725,2006,6,222.3
234,Tamghas,Gulmi,725,2006,7,380
234,Tamghas,Gulmi,725,2006,8,398.7
234,Tamghas,Gulmi,725,2006,9,136.2
234,Tamghas,Gulmi,725,2006,10,3
234,Tamghas,Gulmi,725,2006,11,2
234,Tamghas,Gulmi,725,2006,12,18
234,Tamghas,Gulmi,725,2007,1,0
234,Tamghas,Gulmi,725,2007,2,132.3
234,Tamghas,Gulmi,725,2007,3,51.8
234,Tamghas,Gulmi,725,2007,4,120
234,Tamghas,Gulmi,725,2007,5,114
234,Tamghas,Gulmi,725,2007,6,254.7
234,Tamghas,Gulmi,725,2007,7,738.6
234,Tamghas,Gulmi,725,2007,8,454.1
234,Tamghas,Gulmi,725,2007,9,361.6
234,Tamghas,Gulmi,725,2007,10,7
234,Tamghas,Gulmi,725,2007,11,2
234,Tamghas,Gulmi,725,2007,12,3
234,Tamghas,Gulmi,725,2008,1,10
234,Tamghas,Gulmi,725,2008,2,0
234,Tamghas,Gulmi,725,2008,3,3
234,Tamghas,Gulmi,725,2008,4,81.6
234,Tamghas,Gulmi,725,2008,5,234.9
234,Tamghas,Gulmi,725,2008,6,422.7
234,Tamghas,Gulmi,725,2008,7,337.9
234,Tamghas,Gulmi,725,2008,8,366.4
234,Tamghas,Gulmi,725,2008,9,290.7
234,Tamghas,Gulmi,725,2008,10,7
234,Tamghas,Gulmi,725,2008,11,0
234,Tamghas,Gulmi,725,2008,12,19
234,Tamghas,Gulmi,725,2009,1,0
234,Tamghas,Gulmi,725,2009,2,4.5
234,Tamghas,Gulmi,725,2009,3,5.5
234,Tamghas,Gulmi,725,2009,4,3.4
234,Tamghas,Gulmi,725,2009,5,275.4
234,Tamghas,Gulmi,725,2009,6,229
234,Tamghas,Gulmi,725,2009,7,407
234,Tamghas,Gulmi,725,2009,8,594.8
234,Tamghas,Gulmi,725,2009,9,91.9
234,Tamghas,Gulmi,725,2009,10,180.8
234,Tamghas,Gulmi,725,2009,11,1.5
234,Tamghas,Gulmi,725,2009,12,0
234,Tamghas,Gulmi,725,2010,1,7
234,Tamghas,Gulmi,725,2010,2,48
234,Tamghas,Gulmi,725,2010,3,0
234,Tamghas,Gulmi,725,2010,4,14
234,Tamghas,Gulmi,725,2010,5,142.5
234,Tamghas,Gulmi,725,2010,6,129.6
234,Tamghas,Gulmi,725,2010,7,497.1
234,Tamghas,Gulmi,725,2010,8,328.7
234,Tamghas,Gulmi,725,2010,9,274.4
234,Tamghas,Gulmi,725,2010,10,48.5
234,Tamghas,Gulmi,725,2010,11,0
234,Tamghas,Gulmi,725,2010,12,0
234,Tamghas,Gulmi,725,2011,1,7.3
234,Tamghas,Gulmi,725,2011,2,31.6
234,Tamghas,Gulmi,725,2011,3,18.8
234,Tamghas,Gulmi,725,2011,4,97.9
234,Tamghas,Gulmi,725,2011,5,162.4
234,Tamghas,Gulmi,725,2011,6,346
234,Tamghas,Gulmi,725,2011,7,432.9
234,Tamghas,Gulmi,725,2011,8,452.5
234,Tamghas,Gulmi,725,2011,9,245.4
234,Tamghas,Gulmi,725,2011,10,12.2
234,Tamghas,Gulmi,725,2011,11,0
234,Tamghas,Gulmi,725,2011,12,0
234,Tamghas,Gulmi,725,2012,1,35.3
234,Tamghas,Gulmi,725,2012,2,72.4
234,Tamghas,Gulmi,725,2012,3,4
234,Tamghas,Gulmi,725,2012,4,61.1
234,Tamghas,Gulmi,725,2012,5,176.5
234,Tamghas,Gulmi,725,2012,6,247.9
234,Tamghas,Gulmi,725,2012,7,703.9
234,Tamghas,Gulmi,725,2012,8,293.6
234,Tamghas,Gulmi,725,2012,9,328
234,Tamghas,Gulmi,725,2012,10,0
234,Tamghas,Gulmi,725,2012,11,0
234,Tamghas,Gulmi,725,2012,12,0.5
234,Tamghas,Gulmi,725,2013,1,21.1
234,Tamghas,Gulmi,725,2013,2,106.7
234,Tamghas,Gulmi,725,2013,3,0
234,Tamghas,Gulmi,725,2013,4,104.8
234,Tamghas,Gulmi,725,2013,5,241.2
234,Tamghas,Gulmi,725,2013,6,619.9
234,Tamghas,Gulmi,725,2013,7,662.9
234,Tamghas,Gulmi,725,2013,8,583.6
234,Tamghas,Gulmi,725,2013,9,212.5
234,Tamghas,Gulmi,725,2013,10,109.1
234,Tamghas,Gulmi,725,2013,11,0
234,Tamghas,Gulmi,725,2013,12,0
234,Tamghas,Gulmi,725,2014,1,42.5
234,Tamghas,Gulmi,725,2014,2,63.7
234,Tamghas,Gulmi,725,2014,3,50.1
234,Tamghas,Gulmi,725,2014,4,12.4
234,Tamghas,Gulmi,725,2014,5,159.4
234,Tamghas,Gulmi,725,2014,6,218.5
234,Tamghas,Gulmi,725,2014,7,572
234,Tamghas,Gulmi,725,2014,8,380.7
234,Tamghas,Gulmi,725,2014,9,191.9
234,Tamghas,Gulmi,725,2014,10,144
234,Tamghas,Gulmi,725,2014,11,0
234,Tamghas,Gulmi,725,2014,12,49.7
234,Tamghas,Gulmi,725,2015,1,73.1
234,Tamghas,Gulmi,725,2015,2,28.2
234,Tamghas,Gulmi,725,2015,3,134.1
234,Tamghas,Gulmi,725,2015,4,86.3
234,Tamghas,Gulmi,725,2015,5,97.9
234,Tamghas,Gulmi,725,2015,6,212.3
234,Tamghas,Gulmi,725,2015,7,285.5
234,Tamghas,Gulmi,725,2015,8,501
234,Tamghas,Gulmi,725,2015,9,121.8
234,Tamghas,Gulmi,725,2015,10,36.3
234,Tamghas,Gulmi,725,2015,11,0
234,Tamghas,Gulmi,725,2015,12,0
234,Tamghas,Gulmi,725,2016,1,22.7
234,Tamghas,Gulmi,725,2016,2,7.5
234,Tamghas,Gulmi,725,2016,3,22.5
234,Tamghas,Gulmi,725,2016,4,6.3
234,Tamghas,Gulmi,725,2016,5,310.9
234,Tamghas,Gulmi,725,2016,6,235.8
234,Tamghas,Gulmi,725,2016,7,854.9
234,Tamghas,Gulmi,725,2016,8,248.4
234,Tamghas,Gulmi,725,2016,9,295.1
234,Tamghas,Gulmi,725,2016,10,26.3
234,Tamghas,Gulmi,725,2016,11,0
234,Tamghas,Gulmi,725,2016,12,0
234,Tamghas,Gulmi,725,2017,1,32
234,Tamghas,Gulmi,725,2017,2,0
234,Tamghas,Gulmi,725,2017,3,29.2
234,Tamghas,Gulmi,725,2017,4,61.2
234,Tamghas,Gulmi,725,2017,5,160.7
234,Tamghas,Gulmi,725,2017,6,113.8
234,Tamghas,Gulmi,725,2017,7,521.5
234,Tamghas,Gulmi,725,2017,8,328.3
234,Tamghas,Gulmi,725,2017,9,220.4
234,Tamghas,Gulmi,725,2017,10,19.6
234,Tamghas,Gulmi,725,2017,11,0
234,Tamghas,Gulmi,725,2017,12,0
234,Tamghas,Gulmi,725,2018,1,3
234,Tamghas,Gulmi,725,2018,2,11
234,Tamghas,Gulmi,725,2018,3,47
234,Tamghas,Gulmi,725,2018,4,81
234,Tamghas,Gulmi,725,2018,5,112.2
234,Tamghas,Gulmi,725,2018,6,60.8
234,Tamghas,Gulmi,725,2018,7,356.8
234,Tamghas,Gulmi,725,2018,8,383.3
234,Tamghas,Gulmi,725,2018,9,78.6
234,Tamghas,Gulmi,725,2018,10,0
234,Tamghas,Gulmi,725,2018,11,0
234,Tamghas,Gulmi,725,2018,12,0
234,Tamghas,Gulmi,725,2019,1,71.7
234,Tamghas,Gulmi,725,2019,2,133
234,Tamghas,Gulmi,725,2019,3,12.2
234,Tamghas,Gulmi,725,2019,4,47
234,Tamghas,Gulmi,725,2019,5,61.5
234,Tamghas,Gulmi,725,2019,6,231.9
234,Tamghas,Gulmi,725,2019,7,277.4
234,Tamghas,Gulmi,725,2019,8,80.3
234,Tamghas,Gulmi,725,2019,9,390.1
234,Tamghas,Gulmi,725,2019,10,5.5
234,Tamghas,Gulmi,725,2019,11,0
234,Tamghas,Gulmi,725,2019,12,26
