gsid,formal_name,district,station_id,year,month,max_temp
194,Butwal,Rupandehi,703,1990,1,21.8
194,Butwal,Rupandehi,703,1990,2,24.7
194,Butwal,Rupandehi,703,1990,3,29.9
194,Butwal,Rupandehi,703,1990,4,34.6
194,Butwal,Rupandehi,703,1990,5,33.5
194,Butwal,Rupandehi,703,1990,6,34.3
194,Butwal,Rupandehi,703,1990,7,31.8
194,Butwal,Rupandehi,703,1990,8,32.8
194,Butwal,Rupandehi,703,1990,9,32.6
194,Butwal,Rupandehi,703,1990,10,30.2
194,Butwal,Rupandehi,703,1990,11,30.5
194,Butwal,Rupandehi,703,1990,12,25.3
194,Butwal,Rupandehi,703,1991,1,21.9
194,Butwal,Rupandehi,703,1991,2,26.1
194,Butwal,Rupandehi,703,1991,3,30.5
194,Butwal,Rupandehi,703,1991,4,33.8
194,Butwal,Rupandehi,703,1991,5,35.7
194,Butwal,Rupandehi,703,1991,6,32.8
194,Butwal,Rupandehi,703,1991,7,31.8
194,Butwal,Rupandehi,703,1991,8,32
194,Butwal,Rupandehi,703,1991,9,32.6
194,Butwal,Rupandehi,703,1991,10,31.2
194,Butwal,Rupandehi,703,1991,11,28.2
194,Butwal,Rupandehi,703,1991,12,23.7
194,Butwal,Rupandehi,703,1992,1,20.8
194,Butwal,Rupandehi,703,1992,2,22.4
194,Butwal,Rupandehi,703,1992,3,31.9
194,Butwal,Rupandehi,703,1992,4,36.9
194,Butwal,Rupandehi,703,1992,5,36.4
194,Butwal,Rupandehi,703,1992,6,36.3
194,Butwal,Rupandehi,703,1992,7,32.6
194,Butwal,Rupandehi,703,1992,8,32.3
194,Butwal,Rupandehi,703,1992,9,31.6
194,Butwal,Rupandehi,703,1992,10,31.1
194,Butwal,Rupandehi,703,1992,11,26.9
194,Butwal,Rupandehi,703,1992,12,21.5
194,Butwal,Rupandehi,703,1993,1,19.2
194,Butwal,Rupandehi,703,1993,2,26.6
194,Butwal,Rupandehi,703,1993,3,29
194,Butwal,Rupandehi,703,1993,4,33.8
194,Butwal,Rupandehi,703,1993,5,34.1
194,Butwal,Rupandehi,703,1993,6,34.5
194,Butwal,Rupandehi,703,1993,7,33.1
194,Butwal,Rupandehi,703,1993,8,32
194,Butwal,Rupandehi,703,1993,9,32
194,Butwal,Rupandehi,703,1993,10,32.6
194,Butwal,Rupandehi,703,1993,11,29.2
194,Butwal,Rupandehi,703,1993,12,26
194,Butwal,Rupandehi,703,1994,1,23.6
194,Butwal,Rupandehi,703,1994,2,25.6
194,Butwal,Rupandehi,703,1994,3,31.5
194,Butwal,Rupandehi,703,1994,4,36.6
194,Butwal,Rupandehi,703,1994,5,38
194,Butwal,Rupandehi,703,1994,6,35.6
194,Butwal,Rupandehi,703,1994,7,33.7
194,Butwal,Rupandehi,703,1994,8,33.9
194,Butwal,Rupandehi,703,1994,9,33
194,Butwal,Rupandehi,703,1994,10,32
194,Butwal,Rupandehi,703,1994,11,29.8
194,Butwal,Rupandehi,703,1994,12,25.6
194,Butwal,Rupandehi,703,1995,1,22.5
194,Butwal,Rupandehi,703,1995,2,26.5
194,Butwal,Rupandehi,703,1995,3,31.8
194,Butwal,Rupandehi,703,1995,4,38.4
194,Butwal,Rupandehi,703,1995,5,39.8
194,Butwal,Rupandehi,703,1995,6,34.6
194,Butwal,Rupandehi,703,1995,7,31.9
194,Butwal,Rupandehi,703,1995,8,32
194,Butwal,Rupandehi,703,1995,9,32
194,Butwal,Rupandehi,703,1995,10,31.1
194,Butwal,Rupandehi,703,1995,11,27.6
194,Butwal,Rupandehi,703,1995,12,23.8
194,Butwal,Rupandehi,703,1996,1,21.8
194,Butwal,Rupandehi,703,1996,2,24.6
194,Butwal,Rupandehi,703,1996,3,31.4
194,Butwal,Rupandehi,703,1996,4,34.7
194,Butwal,Rupandehi,703,1996,5,39.2
194,Butwal,Rupandehi,703,1996,6,35.4
194,Butwal,Rupandehi,703,1996,7,32.3
194,Butwal,Rupandehi,703,1996,8,31.9
194,Butwal,Rupandehi,703,1996,9,32.4
194,Butwal,Rupandehi,703,1996,10,30.8
194,Butwal,Rupandehi,703,1996,11,28.4
194,Butwal,Rupandehi,703,1996,12,24.8
194,Butwal,Rupandehi,703,1997,1,21.4
194,Butwal,Rupandehi,703,1997,2,23.4
194,Butwal,Rupandehi,703,1997,3,30
194,Butwal,Rupandehi,703,1997,4,32.8
194,Butwal,Rupandehi,703,1997,5,38.1
194,Butwal,Rupandehi,703,1997,6,37.5
194,Butwal,Rupandehi,703,1997,7,33
194,Butwal,Rupandehi,703,1997,8,32.9
194,Butwal,Rupandehi,703,1997,9,31.5
194,Butwal,Rupandehi,703,1997,10,29.7
194,Butwal,Rupandehi,703,1997,11,26.9
194,Butwal,Rupandehi,703,1997,12,19.5
194,Butwal,Rupandehi,703,1998,1,18.6
194,Butwal,Rupandehi,703,1998,2,25.1
194,Butwal,Rupandehi,703,1998,3,27.6
194,Butwal,Rupandehi,703,1998,4,33.3
194,Butwal,Rupandehi,703,1998,5,36.7
194,Butwal,Rupandehi,703,1998,6,37.6
194,Butwal,Rupandehi,703,1998,7,31.9
194,Butwal,Rupandehi,703,1998,8,31.7
194,Butwal,Rupandehi,703,1998,9,32.2
194,Butwal,Rupandehi,703,1998,10,31.2
194,Butwal,Rupandehi,703,1998,11,28.3
194,Butwal,Rupandehi,703,1998,12,23.6
194,Butwal,Rupandehi,703,1999,1,20.1
194,Butwal,Rupandehi,703,1999,2,26.8
194,Butwal,Rupandehi,703,1999,3,31.6
194,Butwal,Rupandehi,703,1999,4,36.8
194,Butwal,Rupandehi,703,1999,5,34.7
194,Butwal,Rupandehi,703,1999,6,32.7
194,Butwal,Rupandehi,703,1999,8,31.5
194,Butwal,Rupandehi,703,1999,12,18.6
194,Butwal,Rupandehi,703,2000,2,21.9
194,Butwal,Rupandehi,703,2000,3,29.4
194,Butwal,Rupandehi,703,2000,4,34.8
194,Butwal,Rupandehi,703,2000,5,35.5
194,Butwal,Rupandehi,703,2000,6,33.7
194,Butwal,Rupandehi,703,2000,7,32.8
194,Butwal,Rupandehi,703,2000,8,32.6
194,Butwal,Rupandehi,703,2000,10,31.6
194,Butwal,Rupandehi,703,2000,11,27.2
194,Butwal,Rupandehi,703,2000,12,24.3
194,Butwal,Rupandehi,703,2001,1,20.9
194,Butwal,Rupandehi,703,2001,2,25.3
194,Butwal,Rupandehi,703,2001,3,31.8
194,Butwal,Rupandehi,703,2001,4,37.2
194,Butwal,Rupandehi,703,2001,5,35.8
194,Butwal,Rupandehi,703,2001,6,34.1
194,Butwal,Rupandehi,703,2001,7,34
194,Butwal,Rupandehi,703,2001,8,32.8
194,Butwal,Rupandehi,703,2001,9,31.9
194,Butwal,Rupandehi,703,2001,10,30.9
194,Butwal,Rupandehi,703,2001,11,26.8
194,Butwal,Rupandehi,703,2001,12,20.7
194,Butwal,Rupandehi,703,2002,1,21.7
194,Butwal,Rupandehi,703,2002,2,25.2
194,Butwal,Rupandehi,703,2002,3,30.7
194,Butwal,Rupandehi,703,2002,4,34.7
194,Butwal,Rupandehi,703,2002,5,34.5
194,Butwal,Rupandehi,703,2002,6,33.7
194,Butwal,Rupandehi,703,2002,7,32.4
194,Butwal,Rupandehi,703,2002,8,33
194,Butwal,Rupandehi,703,2002,9,33.2
194,Butwal,Rupandehi,703,2002,10,31
194,Butwal,Rupandehi,703,2002,11,27.5
194,Butwal,Rupandehi,703,2002,12,23.3
194,Butwal,Rupandehi,703,2003,1,19.1
194,Butwal,Rupandehi,703,2003,2,22.9
194,Butwal,Rupandehi,703,2003,3,24.2
194,Butwal,Rupandehi,703,2003,4,33.1
194,Butwal,Rupandehi,703,2003,5,36
194,Butwal,Rupandehi,703,2003,6,33.9
194,Butwal,Rupandehi,703,2003,7,32.9
194,Butwal,Rupandehi,703,2003,8,32.5
194,Butwal,Rupandehi,703,2003,9,32.7
194,Butwal,Rupandehi,703,2003,10,30.2
194,Butwal,Rupandehi,703,2003,11,27.8
194,Butwal,Rupandehi,703,2003,12,22.9
194,Butwal,Rupandehi,703,2004,1,18.7
194,Butwal,Rupandehi,703,2004,2,24.7
194,Butwal,Rupandehi,703,2004,3,35.9
194,Butwal,Rupandehi,703,2004,4,35.2
194,Butwal,Rupandehi,703,2004,5,35.9
194,Butwal,Rupandehi,703,2004,6,33.7
194,Butwal,Rupandehi,703,2004,7,31.8
194,Butwal,Rupandehi,703,2004,8,32.9
194,Butwal,Rupandehi,703,2004,9,31.7
194,Butwal,Rupandehi,703,2004,10,30.3
194,Butwal,Rupandehi,703,2004,11,25.5
194,Butwal,Rupandehi,703,2004,12,22.7
194,Butwal,Rupandehi,703,2005,1,22.9
194,Butwal,Rupandehi,703,2005,2,24.3
194,Butwal,Rupandehi,703,2005,3,31.5
194,Butwal,Rupandehi,703,2005,4,36.4
194,Butwal,Rupandehi,703,2005,7,38.6
194,Butwal,Rupandehi,703,2005,8,31.7
194,Butwal,Rupandehi,703,2005,9,32.4
194,Butwal,Rupandehi,703,2005,10,29.8
194,Butwal,Rupandehi,703,2005,11,27.1
194,Butwal,Rupandehi,703,2005,12,24.8
194,Butwal,Rupandehi,703,2006,1,22.3
194,Butwal,Rupandehi,703,2006,2,29.3
194,Butwal,Rupandehi,703,2006,3,32
194,Butwal,Rupandehi,703,2006,4,36
194,Butwal,Rupandehi,703,2006,5,36.1
194,Butwal,Rupandehi,703,2006,6,34.6
194,Butwal,Rupandehi,703,2006,7,33.8
194,Butwal,Rupandehi,703,2006,8,34.4
194,Butwal,Rupandehi,703,2006,9,32.9
194,Butwal,Rupandehi,703,2006,10,32.8
194,Butwal,Rupandehi,703,2006,11,29.1
194,Butwal,Rupandehi,703,2007,3,29.9
194,Butwal,Rupandehi,703,2007,4,36.1
194,Butwal,Rupandehi,703,2007,5,36.4
194,Butwal,Rupandehi,703,2007,6,35.2
194,Butwal,Rupandehi,703,2007,7,31.2
194,Butwal,Rupandehi,703,2007,8,33.1
194,Butwal,Rupandehi,703,2007,9,33.3
194,Butwal,Rupandehi,703,2007,10,31.7
194,Butwal,Rupandehi,703,2007,11,28.9
194,Butwal,Rupandehi,703,2007,12,23.9
194,Butwal,Rupandehi,703,2008,1,22.7
194,Butwal,Rupandehi,703,2008,2,24.4
194,Butwal,Rupandehi,703,2008,3,32.2
194,Butwal,Rupandehi,703,2008,4,36.7
194,Butwal,Rupandehi,703,2008,5,35.9
194,Butwal,Rupandehi,703,2008,6,32.5
194,Butwal,Rupandehi,703,2008,7,32.2
194,Butwal,Rupandehi,703,2008,8,32.2
194,Butwal,Rupandehi,703,2008,9,33.5
194,Butwal,Rupandehi,703,2008,10,32.1
194,Butwal,Rupandehi,703,2008,11,29.1
194,Butwal,Rupandehi,703,2008,12,23.8
194,Butwal,Rupandehi,703,2009,1,22.6
194,Butwal,Rupandehi,703,2009,2,28.2
194,Butwal,Rupandehi,703,2009,3,33.1
194,Butwal,Rupandehi,703,2009,4,37.5
194,Butwal,Rupandehi,703,2009,5,36.3
194,Butwal,Rupandehi,703,2009,6,35.4
194,Butwal,Rupandehi,703,2009,7,33.5
194,Butwal,Rupandehi,703,2009,8,32.6
194,Butwal,Rupandehi,703,2009,9,34
194,Butwal,Rupandehi,703,2009,10,31.4
194,Butwal,Rupandehi,703,2009,11,27.5
194,Butwal,Rupandehi,703,2009,12,24.2
194,Butwal,Rupandehi,703,2010,1,17.8
194,Butwal,Rupandehi,703,2010,2,26
194,Butwal,Rupandehi,703,2010,3,33.2
194,Butwal,Rupandehi,703,2010,4,39.6
194,Butwal,Rupandehi,703,2010,5,36.4
194,Butwal,Rupandehi,703,2010,6,35.6
194,Butwal,Rupandehi,703,2010,7,33.2
194,Butwal,Rupandehi,703,2010,8,32.7
194,Butwal,Rupandehi,703,2010,9,33
194,Butwal,Rupandehi,703,2010,10,31.9
194,Butwal,Rupandehi,703,2010,11,28.3
194,Butwal,Rupandehi,703,2010,12,24.2
194,Butwal,Rupandehi,703,2011,1,19.8
194,Butwal,Rupandehi,703,2011,2,26.1
194,Butwal,Rupandehi,703,2011,3,31.5
194,Butwal,Rupandehi,703,2011,4,36.9
194,Butwal,Rupandehi,703,2011,5,35.8
194,Butwal,Rupandehi,703,2011,6,36.6
194,Butwal,Rupandehi,703,2011,7,34.9
194,Butwal,Rupandehi,703,2011,8,34.9
194,Butwal,Rupandehi,703,2011,9,35.1
194,Butwal,Rupandehi,703,2011,10,34.7
194,Butwal,Rupandehi,703,2011,11,31.7
194,Butwal,Rupandehi,703,2011,12,22.3
194,Butwal,Rupandehi,703,2012,1,24.4
194,Butwal,Rupandehi,703,2012,2,27
194,Butwal,Rupandehi,703,2012,3,29.8
194,Butwal,Rupandehi,703,2012,4,37.6
194,Butwal,Rupandehi,703,2012,5,38.6
194,Butwal,Rupandehi,703,2012,6,37.9
194,Butwal,Rupandehi,703,2012,12,21.6
194,Butwal,Rupandehi,703,2013,1,19.7
194,Butwal,Rupandehi,703,2014,1,17.7
194,Butwal,Rupandehi,703,2014,2,21
194,Butwal,Rupandehi,703,2014,3,30.2
194,Butwal,Rupandehi,703,2014,4,37.3
194,Butwal,Rupandehi,703,2014,5,38.2
194,Butwal,Rupandehi,703,2014,6,36.3
194,Butwal,Rupandehi,703,2014,7,34
194,Butwal,Rupandehi,703,2014,8,32.8
194,Butwal,Rupandehi,703,2014,9,32.9
194,Butwal,Rupandehi,703,2014,10,30.4
194,Butwal,Rupandehi,703,2014,11,28.5
194,Butwal,Rupandehi,703,2014,12,20.4
194,Butwal,Rupandehi,703,2015,1,19.7
194,Butwal,Rupandehi,703,2015,2,25.8
194,Butwal,Rupandehi,703,2015,3,30
194,Butwal,Rupandehi,703,2015,4,33.3
194,Butwal,Rupandehi,703,2015,5,36.7
194,Butwal,Rupandehi,703,2015,6,37.1
194,Butwal,Rupandehi,703,2015,7,34.5
194,Butwal,Rupandehi,703,2015,8,33.1
194,Butwal,Rupandehi,703,2015,9,33.7
194,Butwal,Rupandehi,703,2015,10,31.7
194,Butwal,Rupandehi,703,2015,11,29.2
194,Butwal,Rupandehi,703,2015,12,24.1
194,Butwal,Rupandehi,703,2016,1,21.6
194,Butwal,Rupandehi,703,2016,2,27
194,Butwal,Rupandehi,703,2016,3,32.8
194,Butwal,Rupandehi,703,2016,4,39.6
194,Butwal,Rupandehi,703,2016,5,37.5
194,Butwal,Rupandehi,703,2016,6,35.1
194,Butwal,Rupandehi,703,2016,7,32.2
194,Butwal,Rupandehi,703,2016,8,34.6
194,Butwal,Rupandehi,703,2016,9,33.2
194,Butwal,Rupandehi,703,2016,10,32
194,Butwal,Rupandehi,703,2016,11,30
194,Butwal,Rupandehi,703,2016,12,24.9
194,Butwal,Rupandehi,703,2017,1,23.7
194,Butwal,Rupandehi,703,2017,2,27.1
194,Butwal,Rupandehi,703,2017,3,30.3
194,Butwal,Rupandehi,703,2017,4,35.9
194,Butwal,Rupandehi,703,2017,5,37.6
194,Butwal,Rupandehi,703,2017,6,36.5
194,Butwal,Rupandehi,703,2017,7,34.9
194,Butwal,Rupandehi,703,2017,8,32.7
194,Butwal,Rupandehi,703,2017,9,33.8
194,Butwal,Rupandehi,703,2017,10,32.7
194,Butwal,Rupandehi,703,2017,11,29.3
194,Butwal,Rupandehi,703,2017,12,25.4
8,Dadeldhura,Dadeldhura,104,1990,1,16.6
8,Dadeldhura,Dadeldhura,104,1990,2,11.7
8,Dadeldhura,Dadeldhura,104,1990,3,14.6
8,Dadeldhura,Dadeldhura,104,1990,4,22.1
8,Dadeldhura,Dadeldhura,104,1990,5,23.1
8,Dadeldhura,Dadeldhura,104,1990,6,25.9
8,Dadeldhura,Dadeldhura,104,1990,7,22.7
8,Dadeldhura,Dadeldhura,104,1990,8,22.9
8,Dadeldhura,Dadeldhura,104,1990,9,22.5
8,Dadeldhura,Dadeldhura,104,1990,10,19.9
8,Dadeldhura,Dadeldhura,104,1990,11,18.2
8,Dadeldhura,Dadeldhura,104,1990,12,14.4
8,Dadeldhura,Dadeldhura,104,1991,1,11.4
8,Dadeldhura,Dadeldhura,104,1991,2,15.1
8,Dadeldhura,Dadeldhura,104,1991,3,18
8,Dadeldhura,Dadeldhura,104,1991,4,21.7
8,Dadeldhura,Dadeldhura,104,1991,5,26.4
8,Dadeldhura,Dadeldhura,104,1991,6,25.3
8,Dadeldhura,Dadeldhura,104,1991,7,24.4
8,Dadeldhura,Dadeldhura,104,1991,8,22.3
8,Dadeldhura,Dadeldhura,104,1991,9,22.6
8,Dadeldhura,Dadeldhura,104,1991,10,20.7
8,Dadeldhura,Dadeldhura,104,1991,11,15.8
8,Dadeldhura,Dadeldhura,104,1991,12,12.8
8,Dadeldhura,Dadeldhura,104,1992,1,12.1
8,Dadeldhura,Dadeldhura,104,1992,2,12.8
8,Dadeldhura,Dadeldhura,104,1992,3,18.6
8,Dadeldhura,Dadeldhura,104,1992,4,24.4
8,Dadeldhura,Dadeldhura,104,1992,5,24.3
8,Dadeldhura,Dadeldhura,104,1992,6,26
8,Dadeldhura,Dadeldhura,104,1992,7,23.6
8,Dadeldhura,Dadeldhura,104,1992,8,22.5
8,Dadeldhura,Dadeldhura,104,1992,9,21.8
8,Dadeldhura,Dadeldhura,104,1992,10,19.4
8,Dadeldhura,Dadeldhura,104,1992,11,16.5
8,Dadeldhura,Dadeldhura,104,1992,12,13.8
8,Dadeldhura,Dadeldhura,104,1993,1,12.2
8,Dadeldhura,Dadeldhura,104,1993,2,15.4
8,Dadeldhura,Dadeldhura,104,1993,3,15.2
8,Dadeldhura,Dadeldhura,104,1993,4,22.5
8,Dadeldhura,Dadeldhura,104,1993,5,25.5
8,Dadeldhura,Dadeldhura,104,1993,6,24.8
8,Dadeldhura,Dadeldhura,104,1993,7,24.5
8,Dadeldhura,Dadeldhura,104,1993,8,24.5
8,Dadeldhura,Dadeldhura,104,1993,9,22.3
8,Dadeldhura,Dadeldhura,104,1993,10,22.2
8,Dadeldhura,Dadeldhura,104,1993,11,19.3
8,Dadeldhura,Dadeldhura,104,1993,12,16.1
8,Dadeldhura,Dadeldhura,104,1994,1,15.1
8,Dadeldhura,Dadeldhura,104,1994,2,14.2
8,Dadeldhura,Dadeldhura,104,1994,3,22.1
8,Dadeldhura,Dadeldhura,104,1994,4,22.2
8,Dadeldhura,Dadeldhura,104,1994,5,25.8
8,Dadeldhura,Dadeldhura,104,1994,6,26
8,Dadeldhura,Dadeldhura,104,1994,7,25
8,Dadeldhura,Dadeldhura,104,1994,8,23.7
8,Dadeldhura,Dadeldhura,104,1994,9,25
8,Dadeldhura,Dadeldhura,104,1994,10,22.5
8,Dadeldhura,Dadeldhura,104,1994,11,18.9
8,Dadeldhura,Dadeldhura,104,1994,12,15.7
8,Dadeldhura,Dadeldhura,104,1995,1,11.6
8,Dadeldhura,Dadeldhura,104,1995,2,14
8,Dadeldhura,Dadeldhura,104,1995,3,18.5
8,Dadeldhura,Dadeldhura,104,1995,4,23.3
8,Dadeldhura,Dadeldhura,104,1995,5,27.3
8,Dadeldhura,Dadeldhura,104,1995,6,28.4
8,Dadeldhura,Dadeldhura,104,1995,7,24.9
8,Dadeldhura,Dadeldhura,104,1995,8,23.2
8,Dadeldhura,Dadeldhura,104,1995,9,23.6
8,Dadeldhura,Dadeldhura,104,1995,10,23
8,Dadeldhura,Dadeldhura,104,1995,11,18.9
8,Dadeldhura,Dadeldhura,104,1995,12,15.8
8,Dadeldhura,Dadeldhura,104,1996,1,13.9
8,Dadeldhura,Dadeldhura,104,1996,2,15.2
8,Dadeldhura,Dadeldhura,104,1996,3,20.6
8,Dadeldhura,Dadeldhura,104,1996,4,24
8,Dadeldhura,Dadeldhura,104,1996,5,27.5
8,Dadeldhura,Dadeldhura,104,1996,6,25.5
8,Dadeldhura,Dadeldhura,104,1996,7,24.6
8,Dadeldhura,Dadeldhura,104,1996,8,23.3
8,Dadeldhura,Dadeldhura,104,1996,9,23.8
8,Dadeldhura,Dadeldhura,104,1996,10,21.2
8,Dadeldhura,Dadeldhura,104,1996,11,19.4
8,Dadeldhura,Dadeldhura,104,1996,12,17
8,Dadeldhura,Dadeldhura,104,1997,1,13.2
8,Dadeldhura,Dadeldhura,104,1997,2,15
8,Dadeldhura,Dadeldhura,104,1997,3,19.7
8,Dadeldhura,Dadeldhura,104,1997,4,20.8
8,Dadeldhura,Dadeldhura,104,1997,5,24.3
8,Dadeldhura,Dadeldhura,104,1997,6,25.8
8,Dadeldhura,Dadeldhura,104,1997,7,25.2
8,Dadeldhura,Dadeldhura,104,1997,8,23.9
8,Dadeldhura,Dadeldhura,104,1997,9,23.7
8,Dadeldhura,Dadeldhura,104,1997,10,19.3
8,Dadeldhura,Dadeldhura,104,1997,11,17.1
8,Dadeldhura,Dadeldhura,104,1997,12,13.1
8,Dadeldhura,Dadeldhura,104,1998,1,14.3
8,Dadeldhura,Dadeldhura,104,1998,2,15.1
8,Dadeldhura,Dadeldhura,104,1998,3,17
8,Dadeldhura,Dadeldhura,104,1998,4,22.8
8,Dadeldhura,Dadeldhura,104,1998,5,26.2
8,Dadeldhura,Dadeldhura,104,1998,6,27
8,Dadeldhura,Dadeldhura,104,1998,7,24.2
8,Dadeldhura,Dadeldhura,104,1998,8,23.4
8,Dadeldhura,Dadeldhura,104,1998,9,24.1
8,Dadeldhura,Dadeldhura,104,1998,10,22.2
8,Dadeldhura,Dadeldhura,104,1998,11,19.8
8,Dadeldhura,Dadeldhura,104,1998,12,17.3
8,Dadeldhura,Dadeldhura,104,1999,1,14.2
8,Dadeldhura,Dadeldhura,104,1999,2,18.6
8,Dadeldhura,Dadeldhura,104,1999,3,22.7
8,Dadeldhura,Dadeldhura,104,1999,4,28
8,Dadeldhura,Dadeldhura,104,1999,5,28.2
8,Dadeldhura,Dadeldhura,104,1999,6,25.8
8,Dadeldhura,Dadeldhura,104,1999,7,24.6
8,Dadeldhura,Dadeldhura,104,1999,8,24.3
8,Dadeldhura,Dadeldhura,104,1999,9,23.6
8,Dadeldhura,Dadeldhura,104,1999,10,21.8
8,Dadeldhura,Dadeldhura,104,1999,11,19.6
8,Dadeldhura,Dadeldhura,104,1999,12,15.6
8,Dadeldhura,Dadeldhura,104,2000,1,14.4
8,Dadeldhura,Dadeldhura,104,2000,2,12.6
8,Dadeldhura,Dadeldhura,104,2000,3,18.6
8,Dadeldhura,Dadeldhura,104,2000,4,24.9
8,Dadeldhura,Dadeldhura,104,2000,5,25.2
8,Dadeldhura,Dadeldhura,104,2000,6,23.7
8,Dadeldhura,Dadeldhura,104,2000,7,24
8,Dadeldhura,Dadeldhura,104,2000,8,23.8
8,Dadeldhura,Dadeldhura,104,2000,9,23.6
8,Dadeldhura,Dadeldhura,104,2000,10,23.1
8,Dadeldhura,Dadeldhura,104,2000,11,19.3
8,Dadeldhura,Dadeldhura,104,2000,12,17
8,Dadeldhura,Dadeldhura,104,2001,1,16
8,Dadeldhura,Dadeldhura,104,2001,2,18
8,Dadeldhura,Dadeldhura,104,2001,3,20
8,Dadeldhura,Dadeldhura,104,2001,4,24
8,Dadeldhura,Dadeldhura,104,2001,5,24.7
8,Dadeldhura,Dadeldhura,104,2001,6,24.2
8,Dadeldhura,Dadeldhura,104,2001,7,24.9
8,Dadeldhura,Dadeldhura,104,2001,8,25
8,Dadeldhura,Dadeldhura,104,2001,9,25.3
8,Dadeldhura,Dadeldhura,104,2001,10,24.3
8,Dadeldhura,Dadeldhura,104,2001,11,20.7
8,Dadeldhura,Dadeldhura,104,2001,12,17.7
8,Dadeldhura,Dadeldhura,104,2002,1,13.5
8,Dadeldhura,Dadeldhura,104,2002,2,16.1
8,Dadeldhura,Dadeldhura,104,2002,3,20.6
8,Dadeldhura,Dadeldhura,104,2002,4,24.3
8,Dadeldhura,Dadeldhura,104,2002,5,25.4
8,Dadeldhura,Dadeldhura,104,2002,6,26.5
8,Dadeldhura,Dadeldhura,104,2002,7,26.7
8,Dadeldhura,Dadeldhura,104,2002,8,24.2
8,Dadeldhura,Dadeldhura,104,2002,9,22.5
8,Dadeldhura,Dadeldhura,104,2002,10,22.9
8,Dadeldhura,Dadeldhura,104,2002,11,19.8
8,Dadeldhura,Dadeldhura,104,2002,12,17.3
8,Dadeldhura,Dadeldhura,104,2003,1,16.2
8,Dadeldhura,Dadeldhura,104,2003,2,15.8
8,Dadeldhura,Dadeldhura,104,2003,3,19.6
8,Dadeldhura,Dadeldhura,104,2003,4,25
8,Dadeldhura,Dadeldhura,104,2003,5,26.4
8,Dadeldhura,Dadeldhura,104,2003,6,27.7
8,Dadeldhura,Dadeldhura,104,2003,7,25
8,Dadeldhura,Dadeldhura,104,2003,8,25
8,Dadeldhura,Dadeldhura,104,2003,9,23.2
8,Dadeldhura,Dadeldhura,104,2003,10,23.7
8,Dadeldhura,Dadeldhura,104,2003,11,20.1
8,Dadeldhura,Dadeldhura,104,2003,12,17.3
8,Dadeldhura,Dadeldhura,104,2004,1,14.7
8,Dadeldhura,Dadeldhura,104,2004,2,18
8,Dadeldhura,Dadeldhura,104,2004,3,24.7
8,Dadeldhura,Dadeldhura,104,2004,4,25.1
8,Dadeldhura,Dadeldhura,104,2004,5,26.9
8,Dadeldhura,Dadeldhura,104,2004,6,25.6
8,Dadeldhura,Dadeldhura,104,2004,7,24.6
8,Dadeldhura,Dadeldhura,104,2004,8,25
8,Dadeldhura,Dadeldhura,104,2004,9,24.6
8,Dadeldhura,Dadeldhura,104,2004,10,21.4
8,Dadeldhura,Dadeldhura,104,2004,11,19.1
8,Dadeldhura,Dadeldhura,104,2004,12,18.2
8,Dadeldhura,Dadeldhura,104,2005,1,13.1
8,Dadeldhura,Dadeldhura,104,2005,2,14.9
8,Dadeldhura,Dadeldhura,104,2005,3,20.8
8,Dadeldhura,Dadeldhura,104,2005,4,24.5
8,Dadeldhura,Dadeldhura,104,2005,5,26.5
8,Dadeldhura,Dadeldhura,104,2005,6,29.3
8,Dadeldhura,Dadeldhura,104,2005,7,23.6
8,Dadeldhura,Dadeldhura,104,2005,8,25.3
8,Dadeldhura,Dadeldhura,104,2005,9,24.3
8,Dadeldhura,Dadeldhura,104,2005,10,23
8,Dadeldhura,Dadeldhura,104,2005,11,20.3
8,Dadeldhura,Dadeldhura,104,2005,12,17.1
8,Dadeldhura,Dadeldhura,104,2006,1,18.3
8,Dadeldhura,Dadeldhura,104,2006,2,22
8,Dadeldhura,Dadeldhura,104,2006,3,20.5
8,Dadeldhura,Dadeldhura,104,2006,4,23.7
8,Dadeldhura,Dadeldhura,104,2006,5,25.4
8,Dadeldhura,Dadeldhura,104,2006,6,26
8,Dadeldhura,Dadeldhura,104,2006,7,25.2
8,Dadeldhura,Dadeldhura,104,2006,8,25.2
8,Dadeldhura,Dadeldhura,104,2006,9,25.7
8,Dadeldhura,Dadeldhura,104,2006,10,23.7
8,Dadeldhura,Dadeldhura,104,2006,11,20.7
8,Dadeldhura,Dadeldhura,104,2006,12,18.9
8,Dadeldhura,Dadeldhura,104,2007,1,19.2
8,Dadeldhura,Dadeldhura,104,2007,2,15.5
8,Dadeldhura,Dadeldhura,104,2007,3,19.6
8,Dadeldhura,Dadeldhura,104,2007,4,25.1
8,Dadeldhura,Dadeldhura,104,2007,5,25.4
8,Dadeldhura,Dadeldhura,104,2007,6,26.8
8,Dadeldhura,Dadeldhura,104,2007,7,25.3
8,Dadeldhura,Dadeldhura,104,2007,8,25.3
8,Dadeldhura,Dadeldhura,104,2007,9,25.3
8,Dadeldhura,Dadeldhura,104,2007,10,23.9
8,Dadeldhura,Dadeldhura,104,2007,11,20.1
8,Dadeldhura,Dadeldhura,104,2007,12,18.3
8,Dadeldhura,Dadeldhura,104,2008,1,15.7
8,Dadeldhura,Dadeldhura,104,2008,2,16.9
8,Dadeldhura,Dadeldhura,104,2008,3,22.9
8,Dadeldhura,Dadeldhura,104,2008,4,24.8
8,Dadeldhura,Dadeldhura,104,2008,5,25.8
8,Dadeldhura,Dadeldhura,104,2008,6,24.6
8,Dadeldhura,Dadeldhura,104,2008,7,23.9
8,Dadeldhura,Dadeldhura,104,2008,8,24.5
8,Dadeldhura,Dadeldhura,104,2008,9,25.3
8,Dadeldhura,Dadeldhura,104,2008,10,23.5
8,Dadeldhura,Dadeldhura,104,2008,11,20.7
8,Dadeldhura,Dadeldhura,104,2008,12,19.7
8,Dadeldhura,Dadeldhura,104,2009,1,19.2
8,Dadeldhura,Dadeldhura,104,2009,2,19.9
8,Dadeldhura,Dadeldhura,104,2009,3,22.3
8,Dadeldhura,Dadeldhura,104,2009,4,26.6
8,Dadeldhura,Dadeldhura,104,2009,5,26.1
8,Dadeldhura,Dadeldhura,104,2009,6,28.8
8,Dadeldhura,Dadeldhura,104,2009,7,25.9
8,Dadeldhura,Dadeldhura,104,2009,8,25.4
8,Dadeldhura,Dadeldhura,104,2009,9,24.1
8,Dadeldhura,Dadeldhura,104,2009,10,22.9
8,Dadeldhura,Dadeldhura,104,2009,11,19.4
8,Dadeldhura,Dadeldhura,104,2009,12,16.9
8,Dadeldhura,Dadeldhura,104,2010,1,17.6
8,Dadeldhura,Dadeldhura,104,2010,2,17
8,Dadeldhura,Dadeldhura,104,2010,3,23.5
8,Dadeldhura,Dadeldhura,104,2010,4,28.1
8,Dadeldhura,Dadeldhura,104,2010,5,28.2
8,Dadeldhura,Dadeldhura,104,2010,6,28
8,Dadeldhura,Dadeldhura,104,2010,7,23.8
8,Dadeldhura,Dadeldhura,104,2010,8,24
8,Dadeldhura,Dadeldhura,104,2010,9,23.5
8,Dadeldhura,Dadeldhura,104,2010,10,24
8,Dadeldhura,Dadeldhura,104,2010,11,21.2
8,Dadeldhura,Dadeldhura,104,2010,12,16.8
8,Dadeldhura,Dadeldhura,104,2011,1,14.7
8,Dadeldhura,Dadeldhura,104,2011,2,16.4
8,Dadeldhura,Dadeldhura,104,2011,3,21.3
8,Dadeldhura,Dadeldhura,104,2011,4,23.5
8,Dadeldhura,Dadeldhura,104,2011,5,26.2
8,Dadeldhura,Dadeldhura,104,2011,6,24.8
8,Dadeldhura,Dadeldhura,104,2011,7,24.6
8,Dadeldhura,Dadeldhura,104,2011,8,24
8,Dadeldhura,Dadeldhura,104,2011,9,25.6
8,Dadeldhura,Dadeldhura,104,2011,10,23.8
8,Dadeldhura,Dadeldhura,104,2011,11,19.7
8,Dadeldhura,Dadeldhura,104,2011,12,17.6
8,Dadeldhura,Dadeldhura,104,2012,1,12.3
8,Dadeldhura,Dadeldhura,104,2012,2,17.1
8,Dadeldhura,Dadeldhura,104,2012,3,21.4
8,Dadeldhura,Dadeldhura,104,2012,4,22.8
8,Dadeldhura,Dadeldhura,104,2012,5,27.9
8,Dadeldhura,Dadeldhura,104,2012,6,31.2
8,Dadeldhura,Dadeldhura,104,2012,7,24.8
8,Dadeldhura,Dadeldhura,104,2012,8,25
8,Dadeldhura,Dadeldhura,104,2012,9,25.2
8,Dadeldhura,Dadeldhura,104,2012,10,22.9
8,Dadeldhura,Dadeldhura,104,2012,11,19.7
8,Dadeldhura,Dadeldhura,104,2012,12,18.4
8,Dadeldhura,Dadeldhura,104,2013,1,15.3
8,Dadeldhura,Dadeldhura,104,2013,2,15.7
8,Dadeldhura,Dadeldhura,104,2013,3,22.4
8,Dadeldhura,Dadeldhura,104,2013,4,25.1
8,Dadeldhura,Dadeldhura,104,2013,5,28.2
8,Dadeldhura,Dadeldhura,104,2013,6,24.8
8,Dadeldhura,Dadeldhura,104,2013,7,24.3
8,Dadeldhura,Dadeldhura,104,2013,8,25.6
8,Dadeldhura,Dadeldhura,104,2013,9,26
8,Dadeldhura,Dadeldhura,104,2013,10,23.1
8,Dadeldhura,Dadeldhura,104,2013,11,20.3
8,Dadeldhura,Dadeldhura,104,2013,12,16.8
8,Dadeldhura,Dadeldhura,104,2014,1,16
8,Dadeldhura,Dadeldhura,104,2014,2,15.3
8,Dadeldhura,Dadeldhura,104,2014,3,19.8
8,Dadeldhura,Dadeldhura,104,2014,4,24.2
8,Dadeldhura,Dadeldhura,104,2014,5,26.8
8,Dadeldhura,Dadeldhura,104,2014,6,28
8,Dadeldhura,Dadeldhura,104,2014,7,24.4
8,Dadeldhura,Dadeldhura,104,2014,8,25.9
8,Dadeldhura,Dadeldhura,104,2014,9,25
8,Dadeldhura,Dadeldhura,104,2014,10,22.2
8,Dadeldhura,Dadeldhura,104,2014,11,19.7
8,Dadeldhura,Dadeldhura,104,2014,12,16.2
8,Dadeldhura,Dadeldhura,104,2015,1,13.6
8,Dadeldhura,Dadeldhura,104,2015,2,16.4
8,Dadeldhura,Dadeldhura,104,2015,3,18.2
8,Dadeldhura,Dadeldhura,104,2015,4,21.4
8,Dadeldhura,Dadeldhura,104,2015,5,27.2
8,Dadeldhura,Dadeldhura,104,2015,6,26.2
8,Dadeldhura,Dadeldhura,104,2015,7,24.4
8,Dadeldhura,Dadeldhura,104,2015,8,24.3
8,Dadeldhura,Dadeldhura,104,2015,9,25.8
8,Dadeldhura,Dadeldhura,104,2015,10,23.1
8,Dadeldhura,Dadeldhura,104,2015,11,20
8,Dadeldhura,Dadeldhura,104,2015,12,16
8,Dadeldhura,Dadeldhura,104,2016,1,15
8,Dadeldhura,Dadeldhura,104,2016,2,18.3
8,Dadeldhura,Dadeldhura,104,2016,3,21.8
8,Dadeldhura,Dadeldhura,104,2016,4,27.4
8,Dadeldhura,Dadeldhura,104,2016,5,26.6
8,Dadeldhura,Dadeldhura,104,2016,6,25.7
8,Dadeldhura,Dadeldhura,104,2016,7,23.5
8,Dadeldhura,Dadeldhura,104,2016,8,25.4
8,Dadeldhura,Dadeldhura,104,2016,9,25.2
8,Dadeldhura,Dadeldhura,104,2016,10,23.6
8,Dadeldhura,Dadeldhura,104,2016,11,20.9
8,Dadeldhura,Dadeldhura,104,2016,12,17.9
8,Dadeldhura,Dadeldhura,104,2017,1,14.5
8,Dadeldhura,Dadeldhura,104,2017,2,18.8
8,Dadeldhura,Dadeldhura,104,2017,3,20.6
8,Dadeldhura,Dadeldhura,104,2017,4,25
8,Dadeldhura,Dadeldhura,104,2017,5,25.7
8,Dadeldhura,Dadeldhura,104,2017,6,25.7
8,Dadeldhura,Dadeldhura,104,2017,7,24
8,Dadeldhura,Dadeldhura,104,2017,8,24.6
8,Dadeldhura,Dadeldhura,104,2017,9,24.7
8,Dadeldhura,Dadeldhura,104,2017,10,23.6
8,Dadeldhura,Dadeldhura,104,2017,11,19.1
8,Dadeldhura,Dadeldhura,104,2017,12,17.6
8,Dadeldhura,Dadeldhura,104,2018,1,16.5
8,Dadeldhura,Dadeldhura,104,2018,2,18
8,Dadeldhura,Dadeldhura,104,2018,3,22.5
8,Dadeldhura,Dadeldhura,104,2018,4,24.4
8,Dadeldhura,Dadeldhura,104,2018,5,26.6
8,Dadeldhura,Dadeldhura,104,2018,6,26.7
8,Dadeldhura,Dadeldhura,104,2018,7,24.6
8,Dadeldhura,Dadeldhura,104,2018,8,23.3
8,Dadeldhura,Dadeldhura,104,2018,9,24.4
8,Dadeldhura,Dadeldhura,104,2018,10,21.7
8,Dadeldhura,Dadeldhura,104,2018,11,18.2
8,Dadeldhura,Dadeldhura,104,2018,12,14.3
8,Dadeldhura,Dadeldhura,104,2019,1,12.6
8,Dadeldhura,Dadeldhura,104,2019,2,13.8
8,Dadeldhura,Dadeldhura,104,2019,3,19.2
8,Dadeldhura,Dadeldhura,104,2019,4,23.7
8,Dadeldhura,Dadeldhura,104,2019,5,27.4
8,Dadeldhura,Dadeldhura,104,2019,6,27.9
8,Dadeldhura,Dadeldhura,104,2019,7,24.8
8,Dadeldhura,Dadeldhura,104,2019,8,25.1
8,Dadeldhura,Dadeldhura,104,2019,9,23.8
8,Dadeldhura,Dadeldhura,104,2019,10,22
8,Dadeldhura,Dadeldhura,104,2019,11,19.9
8,Dadeldhura,Dadeldhura,104,2019,12,13.9
138,Jomsom,Mustang,601,1990,1,14.3
138,Jomsom,Mustang,601,1990,2,10
138,Jomsom,Mustang,601,1990,3,12.8
138,Jomsom,Mustang,601,1990,4,18.1
138,Jomsom,Mustang,601,1990,5,21.1
138,Jomsom,Mustang,601,1990,6,24.2
138,Jomsom,Mustang,601,1990,7,23.3
138,Jomsom,Mustang,601,1990,8,23.3
138,Jomsom,Mustang,601,1990,9,21.4
138,Jomsom,Mustang,601,1990,10,16.6
138,Jomsom,Mustang,601,1990,11,16.5
138,Jomsom,Mustang,601,1990,12,12.9
138,Jomsom,Mustang,601,1991,2,12.4
138,Jomsom,Mustang,601,1991,7,24.3
138,Jomsom,Mustang,601,1991,10,18.6
138,Jomsom,Mustang,601,1991,11,13.1
138,Jomsom,Mustang,601,1991,12,11.5
138,Jomsom,Mustang,601,1992,4,19.8
138,Jomsom,Mustang,601,1992,5,19.2
138,Jomsom,Mustang,601,1992,6,22.3
138,Jomsom,Mustang,601,1992,9,21.4
138,Jomsom,Mustang,601,1992,10,17.6
138,Jomsom,Mustang,601,1992,11,14.5
138,Jomsom,Mustang,601,1992,12,12.2
138,Jomsom,Mustang,601,1993,1,10.2
138,Jomsom,Mustang,601,1993,2,12.1
138,Jomsom,Mustang,601,1993,3,12.8
138,Jomsom,Mustang,601,1993,4,17.9
138,Jomsom,Mustang,601,1993,5,20.9
138,Jomsom,Mustang,601,1993,6,23
138,Jomsom,Mustang,601,1993,7,23.5
138,Jomsom,Mustang,601,1993,8,22.7
138,Jomsom,Mustang,601,1993,9,19.8
138,Jomsom,Mustang,601,1993,10,18.3
138,Jomsom,Mustang,601,1993,11,14.7
138,Jomsom,Mustang,601,1993,12,12.4
138,Jomsom,Mustang,601,1994,1,11.2
138,Jomsom,Mustang,601,1994,2,10.4
138,Jomsom,Mustang,601,1994,6,23.9
138,Jomsom,Mustang,601,1994,7,24.1
138,Jomsom,Mustang,601,1994,8,22.1
138,Jomsom,Mustang,601,1994,9,20.7
138,Jomsom,Mustang,601,1994,10,17.4
138,Jomsom,Mustang,601,1994,11,12.9
138,Jomsom,Mustang,601,1994,12,10.5
138,Jomsom,Mustang,601,1995,1,6.6
138,Jomsom,Mustang,601,1995,2,9.3
138,Jomsom,Mustang,601,1995,6,22.7
138,Jomsom,Mustang,601,1995,7,22.5
138,Jomsom,Mustang,601,1995,8,22
138,Jomsom,Mustang,601,1995,9,20.4
138,Jomsom,Mustang,601,1995,10,18.4
138,Jomsom,Mustang,601,1995,11,14.1
138,Jomsom,Mustang,601,1995,12,10.8
138,Jomsom,Mustang,601,1996,1,9.9
138,Jomsom,Mustang,601,1996,2,10
138,Jomsom,Mustang,601,1996,3,15.6
138,Jomsom,Mustang,601,1996,4,17.9
138,Jomsom,Mustang,601,1996,5,21
138,Jomsom,Mustang,601,1996,6,21.7
138,Jomsom,Mustang,601,1996,7,22.8
138,Jomsom,Mustang,601,1996,8,21.8
138,Jomsom,Mustang,601,1996,9,20.8
138,Jomsom,Mustang,601,1996,10,15.7
138,Jomsom,Mustang,601,1996,11,14.4
138,Jomsom,Mustang,601,1996,12,13.3
138,Jomsom,Mustang,601,1997,3,13.8
138,Jomsom,Mustang,601,1997,4,15.2
138,Jomsom,Mustang,601,1997,5,19.5
138,Jomsom,Mustang,601,1997,6,22
138,Jomsom,Mustang,601,1997,7,23.1
138,Jomsom,Mustang,601,1997,8,22
138,Jomsom,Mustang,601,1997,9,20.8
138,Jomsom,Mustang,601,1997,10,14.4
138,Jomsom,Mustang,601,1997,11,12.7
138,Jomsom,Mustang,601,1997,12,6.8
138,Jomsom,Mustang,601,1998,1,10
138,Jomsom,Mustang,601,1998,2,10.3
138,Jomsom,Mustang,601,1998,3,12.7
138,Jomsom,Mustang,601,1998,4,18.5
138,Jomsom,Mustang,601,1998,5,22.1
138,Jomsom,Mustang,601,1998,6,23.9
138,Jomsom,Mustang,601,1998,7,22.4
138,Jomsom,Mustang,601,1998,8,22.5
138,Jomsom,Mustang,601,1998,9,22
138,Jomsom,Mustang,601,1998,10,19.1
138,Jomsom,Mustang,601,1998,11,16.2
138,Jomsom,Mustang,601,1998,12,13.1
138,Jomsom,Mustang,601,1999,1,10.3
138,Jomsom,Mustang,601,1999,2,14.6
138,Jomsom,Mustang,601,1999,3,17.4
138,Jomsom,Mustang,601,1999,4,21.2
138,Jomsom,Mustang,601,1999,5,21.1
138,Jomsom,Mustang,601,1999,6,21.5
138,Jomsom,Mustang,601,1999,7,22.2
138,Jomsom,Mustang,601,1999,8,21.8
138,Jomsom,Mustang,601,1999,9,21.2
138,Jomsom,Mustang,601,1999,10,17.8
138,Jomsom,Mustang,601,1999,11,14.9
138,Jomsom,Mustang,601,1999,12,10.9
138,Jomsom,Mustang,601,2000,1,9.8
138,Jomsom,Mustang,601,2000,2,8.4
138,Jomsom,Mustang,601,2000,3,12.1
138,Jomsom,Mustang,601,2000,4,19.2
138,Jomsom,Mustang,601,2000,5,21.1
138,Jomsom,Mustang,601,2000,6,21.6
138,Jomsom,Mustang,601,2000,7,22.5
138,Jomsom,Mustang,601,2000,8,22.3
138,Jomsom,Mustang,601,2000,9,20.1
138,Jomsom,Mustang,601,2000,10,19
138,Jomsom,Mustang,601,2000,11,14
138,Jomsom,Mustang,601,2000,12,12.9
138,Jomsom,Mustang,601,2001,1,11.4
138,Jomsom,Mustang,601,2001,2,12.6
138,Jomsom,Mustang,601,2001,3,13.7
138,Jomsom,Mustang,601,2001,4,17.3
138,Jomsom,Mustang,601,2001,5,20.6
138,Jomsom,Mustang,601,2001,6,22.3
138,Jomsom,Mustang,601,2001,7,23.2
138,Jomsom,Mustang,601,2001,8,22
138,Jomsom,Mustang,601,2001,9,20.6
138,Jomsom,Mustang,601,2001,10,18.5
138,Jomsom,Mustang,601,2001,11,15.4
138,Jomsom,Mustang,601,2001,12,11.8
138,Jomsom,Mustang,601,2002,1,9.6
138,Jomsom,Mustang,601,2002,2,11.9
138,Jomsom,Mustang,601,2002,3,15.1
138,Jomsom,Mustang,601,2002,4,18.7
138,Jomsom,Mustang,601,2002,5,20.4
138,Jomsom,Mustang,601,2002,6,22.3
138,Jomsom,Mustang,601,2002,7,22.9
138,Jomsom,Mustang,601,2002,8,22.7
138,Jomsom,Mustang,601,2002,9,20.3
138,Jomsom,Mustang,601,2002,10,17.5
138,Jomsom,Mustang,601,2002,11,14.5
138,Jomsom,Mustang,601,2002,12,11.4
138,Jomsom,Mustang,601,2003,1,11.9
138,Jomsom,Mustang,601,2003,2,10.9
138,Jomsom,Mustang,601,2003,3,14.3
138,Jomsom,Mustang,601,2003,4,19.3
138,Jomsom,Mustang,601,2003,5,19.5
138,Jomsom,Mustang,601,2003,6,22
138,Jomsom,Mustang,601,2003,7,22.5
138,Jomsom,Mustang,601,2003,8,22.5
138,Jomsom,Mustang,601,2003,9,21
138,Jomsom,Mustang,601,2003,10,19
138,Jomsom,Mustang,601,2003,11,14.5
138,Jomsom,Mustang,601,2003,12,10.3
138,Jomsom,Mustang,601,2004,1,9.5
138,Jomsom,Mustang,601,2004,2,12.6
138,Jomsom,Mustang,601,2004,3,18.2
138,Jomsom,Mustang,601,2004,4,18.7
138,Jomsom,Mustang,601,2004,5,20.8
138,Jomsom,Mustang,601,2004,6,22.1
138,Jomsom,Mustang,601,2004,7,22.4
138,Jomsom,Mustang,601,2004,8,22.9
138,Jomsom,Mustang,601,2004,9,21.5
138,Jomsom,Mustang,601,2004,10,16.5
138,Jomsom,Mustang,601,2004,11,12.9
138,Jomsom,Mustang,601,2004,12,13
138,Jomsom,Mustang,601,2005,1,9.1
138,Jomsom,Mustang,601,2005,2,11.2
138,Jomsom,Mustang,601,2005,3,17
138,Jomsom,Mustang,601,2005,4,18.4
138,Jomsom,Mustang,601,2005,5,20.3
138,Jomsom,Mustang,601,2005,6,23.4
138,Jomsom,Mustang,601,2005,7,22.3
138,Jomsom,Mustang,601,2005,8,22.9
138,Jomsom,Mustang,601,2005,9,21.7
138,Jomsom,Mustang,601,2005,10,17
138,Jomsom,Mustang,601,2005,11,14.5
138,Jomsom,Mustang,601,2005,12,13.1
138,Jomsom,Mustang,601,2006,1,13.6
138,Jomsom,Mustang,601,2006,2,15.9
138,Jomsom,Mustang,601,2006,3,14.5
138,Jomsom,Mustang,601,2006,4,17.4
138,Jomsom,Mustang,601,2006,5,20.8
138,Jomsom,Mustang,601,2006,6,21.9
138,Jomsom,Mustang,601,2006,7,22.9
138,Jomsom,Mustang,601,2006,8,22.5
138,Jomsom,Mustang,601,2006,9,21.7
138,Jomsom,Mustang,601,2006,10,18
138,Jomsom,Mustang,601,2006,11,14.3
138,Jomsom,Mustang,601,2006,12,13.7
138,Jomsom,Mustang,601,2007,1,11.9
138,Jomsom,Mustang,601,2007,2,9.5
138,Jomsom,Mustang,601,2007,3,14.7
138,Jomsom,Mustang,601,2007,4,19.9
138,Jomsom,Mustang,601,2007,5,21.7
138,Jomsom,Mustang,601,2007,6,23.4
138,Jomsom,Mustang,601,2007,7,22.7
138,Jomsom,Mustang,601,2007,8,22.5
138,Jomsom,Mustang,601,2007,9,20.9
138,Jomsom,Mustang,601,2007,10,18.1
138,Jomsom,Mustang,601,2007,11,14.3
138,Jomsom,Mustang,601,2007,12,12.8
138,Jomsom,Mustang,601,2008,1,9.5
138,Jomsom,Mustang,601,2008,2,11.2
138,Jomsom,Mustang,601,2008,3,14.9
138,Jomsom,Mustang,601,2008,4,18.1
138,Jomsom,Mustang,601,2008,5,20.4
138,Jomsom,Mustang,601,2008,6,22.8
138,Jomsom,Mustang,601,2008,7,22.8
138,Jomsom,Mustang,601,2008,8,22.3
138,Jomsom,Mustang,601,2008,9,20.7
138,Jomsom,Mustang,601,2008,10,17.9
138,Jomsom,Mustang,601,2008,11,16.9
138,Jomsom,Mustang,601,2008,12,14.1
138,Jomsom,Mustang,601,2009,1,14
138,Jomsom,Mustang,601,2009,2,15.1
138,Jomsom,Mustang,601,2009,3,15.3
138,Jomsom,Mustang,601,2009,4,19.5
138,Jomsom,Mustang,601,2009,5,19.6
138,Jomsom,Mustang,601,2009,6,22.8
138,Jomsom,Mustang,601,2009,7,23.7
138,Jomsom,Mustang,601,2009,8,22.6
138,Jomsom,Mustang,601,2009,9,21.4
138,Jomsom,Mustang,601,2009,10,17.9
138,Jomsom,Mustang,601,2009,11,14.6
138,Jomsom,Mustang,601,2009,12,12.3
138,Jomsom,Mustang,601,2010,1,13.3
138,Jomsom,Mustang,601,2010,2,12
138,Jomsom,Mustang,601,2010,3,17.8
138,Jomsom,Mustang,601,2010,4,20.9
138,Jomsom,Mustang,601,2010,5,21
138,Jomsom,Mustang,601,2010,6,22.6
138,Jomsom,Mustang,601,2010,7,22.2
138,Jomsom,Mustang,601,2010,8,22.5
138,Jomsom,Mustang,601,2010,9,20.9
138,Jomsom,Mustang,601,2010,10,18.8
138,Jomsom,Mustang,601,2010,11,15.6
138,Jomsom,Mustang,601,2010,12,13.7
138,Jomsom,Mustang,601,2011,1,10.4
138,Jomsom,Mustang,601,2011,2,12.7
138,Jomsom,Mustang,601,2011,3,16
138,Jomsom,Mustang,601,2011,4,17.3
138,Jomsom,Mustang,601,2011,5,21.5
138,Jomsom,Mustang,601,2011,6,22.1
138,Jomsom,Mustang,601,2011,7,22.5
138,Jomsom,Mustang,601,2011,8,22.5
138,Jomsom,Mustang,601,2011,9,21.7
138,Jomsom,Mustang,601,2011,10,18.1
138,Jomsom,Mustang,601,2011,11,14.8
138,Jomsom,Mustang,601,2011,12,12.2
138,Jomsom,Mustang,601,2012,1,7.9
138,Jomsom,Mustang,601,2012,2,11.9
138,Jomsom,Mustang,601,2012,3,15.7
138,Jomsom,Mustang,601,2012,4,17.3
138,Jomsom,Mustang,601,2012,5,20.6
138,Jomsom,Mustang,601,2012,6,23.5
138,Jomsom,Mustang,601,2012,7,22.8
138,Jomsom,Mustang,601,2012,8,22.6
138,Jomsom,Mustang,601,2012,9,21.8
138,Jomsom,Mustang,601,2012,10,18.2
138,Jomsom,Mustang,601,2012,11,14.4
138,Jomsom,Mustang,601,2012,12,14.1
138,Jomsom,Mustang,601,2013,1,10.4
138,Jomsom,Mustang,601,2013,2,10.4
138,Jomsom,Mustang,601,2013,3,17.2
138,Jomsom,Mustang,601,2013,4,20.2
138,Jomsom,Mustang,601,2013,5,21
138,Jomsom,Mustang,601,2013,6,21.8
138,Jomsom,Mustang,601,2013,7,22.5
138,Jomsom,Mustang,601,2013,8,22.6
138,Jomsom,Mustang,601,2013,9,21.8
138,Jomsom,Mustang,601,2013,10,18.3
138,Jomsom,Mustang,601,2013,11,15.2
138,Jomsom,Mustang,601,2013,12,12.3
138,Jomsom,Mustang,601,2014,1,10.3
138,Jomsom,Mustang,601,2014,2,11.8
138,Jomsom,Mustang,601,2014,3,15.1
138,Jomsom,Mustang,601,2014,4,18
138,Jomsom,Mustang,601,2014,5,20.7
138,Jomsom,Mustang,601,2014,6,23.8
138,Jomsom,Mustang,601,2014,7,23
138,Jomsom,Mustang,601,2014,8,23.2
138,Jomsom,Mustang,601,2014,9,21.9
138,Jomsom,Mustang,601,2014,10,17.4
138,Jomsom,Mustang,601,2014,11,15.4
138,Jomsom,Mustang,601,2014,12,12.6
138,Jomsom,Mustang,601,2015,1,8.7
138,Jomsom,Mustang,601,2015,2,13.1
138,Jomsom,Mustang,601,2015,3,14
138,Jomsom,Mustang,601,2015,4,16.7
138,Jomsom,Mustang,601,2015,5,21.6
138,Jomsom,Mustang,601,2015,6,22.2
138,Jomsom,Mustang,601,2015,7,22.8
138,Jomsom,Mustang,601,2015,8,22.9
138,Jomsom,Mustang,601,2015,9,22.3
138,Jomsom,Mustang,601,2015,10,18.2
138,Jomsom,Mustang,601,2015,11,16.1
138,Jomsom,Mustang,601,2015,12,12.1
138,Jomsom,Mustang,601,2016,1,10.3
138,Jomsom,Mustang,601,2016,2,14.2
138,Jomsom,Mustang,601,2016,3,16.4
138,Jomsom,Mustang,601,2016,4,20
138,Jomsom,Mustang,601,2016,5,20.4
138,Jomsom,Mustang,601,2016,6,23.1
138,Jomsom,Mustang,601,2016,7,22.3
138,Jomsom,Mustang,601,2016,8,23.2
138,Jomsom,Mustang,601,2016,9,22.1
138,Jomsom,Mustang,601,2016,10,18.9
138,Jomsom,Mustang,601,2016,11,16.7
138,Jomsom,Mustang,601,2016,12,16.2
138,Jomsom,Mustang,601,2017,1,11.9
138,Jomsom,Mustang,601,2017,2,13.9
138,Jomsom,Mustang,601,2017,3,14.5
138,Jomsom,Mustang,601,2017,4,19.8
138,Jomsom,Mustang,601,2017,5,20.1
138,Jomsom,Mustang,601,2017,6,23.4
138,Jomsom,Mustang,601,2017,7,22.7
138,Jomsom,Mustang,601,2017,8,22.9
138,Jomsom,Mustang,601,2017,9,22
138,Jomsom,Mustang,601,2017,10,19.6
138,Jomsom,Mustang,601,2017,11,14.9
138,Jomsom,Mustang,601,2017,12,15.1
138,Jomsom,Mustang,601,2018,1,12.3
138,Jomsom,Mustang,601,2018,2,13.1
138,Jomsom,Mustang,601,2018,3,15.7
138,Jomsom,Mustang,601,2018,4,18.2
138,Jomsom,Mustang,601,2018,5,20.5
138,Jomsom,Mustang,601,2018,6,23
138,Jomsom,Mustang,601,2018,7,23.3
138,Jomsom,Mustang,601,2018,8,22.6
138,Jomsom,Mustang,601,2018,9,21.5
138,Jomsom,Mustang,601,2018,10,17.3
138,Jomsom,Mustang,601,2018,11,14.9
138,Jomsom,Mustang,601,2018,12,10.8
138,Jomsom,Mustang,601,2019,1,8.4
138,Jomsom,Mustang,601,2019,2,9.3
138,Jomsom,Mustang,601,2019,3,14.8
138,Jomsom,Mustang,601,2019,4,19.4
138,Jomsom,Mustang,601,2019,5,21.1
138,Jomsom,Mustang,601,2019,6,23
138,Jomsom,Mustang,601,2019,7,23.2
138,Jomsom,Mustang,601,2019,8,23.5
138,Jomsom,Mustang,601,2019,9,21.5
138,Jomsom,Mustang,601,2019,10,19.2
138,Jomsom,Mustang,601,2019,11,16.3
138,Jomsom,Mustang,601,2019,12,11.5
64,Jumla,Jumla,303,1990,1,18.2
64,Jumla,Jumla,303,1990,2,12.4
64,Jumla,Jumla,303,1990,3,15.4
64,Jumla,Jumla,303,1990,4,20.6
64,Jumla,Jumla,303,1990,5,23.8
64,Jumla,Jumla,303,1990,6,27.1
64,Jumla,Jumla,303,1990,7,23.5
64,Jumla,Jumla,303,1990,8,24.4
64,Jumla,Jumla,303,1990,9,25.3
64,Jumla,Jumla,303,1990,10,21.6
64,Jumla,Jumla,303,1990,11,19.3
64,Jumla,Jumla,303,1990,12,15.1
64,Jumla,Jumla,303,1991,1,12.2
64,Jumla,Jumla,303,1991,2,14.3
64,Jumla,Jumla,303,1991,3,16.5
64,Jumla,Jumla,303,1991,4,19.9
64,Jumla,Jumla,303,1991,5,24.6
64,Jumla,Jumla,303,1991,6,24.9
64,Jumla,Jumla,303,1991,7,25.9
64,Jumla,Jumla,303,1991,8,24.5
64,Jumla,Jumla,303,1991,9,24.6
64,Jumla,Jumla,303,1991,10,22.7
64,Jumla,Jumla,303,1991,11,17.2
64,Jumla,Jumla,303,1991,12,13.9
64,Jumla,Jumla,303,1992,1,13.2
64,Jumla,Jumla,303,1992,2,13.6
64,Jumla,Jumla,303,1992,3,18.3
64,Jumla,Jumla,303,1992,4,22.6
64,Jumla,Jumla,303,1992,5,22.8
64,Jumla,Jumla,303,1992,6,26
64,Jumla,Jumla,303,1992,7,25.1
64,Jumla,Jumla,303,1992,8,23.8
64,Jumla,Jumla,303,1992,9,23.6
64,Jumla,Jumla,303,1992,10,20.8
64,Jumla,Jumla,303,1992,11,17.9
64,Jumla,Jumla,303,1992,12,15.9
64,Jumla,Jumla,303,1993,1,12
64,Jumla,Jumla,303,1993,2,15.9
64,Jumla,Jumla,303,1993,3,14.4
64,Jumla,Jumla,303,1993,4,20.4
64,Jumla,Jumla,303,1993,5,23.9
64,Jumla,Jumla,303,1993,6,24.4
64,Jumla,Jumla,303,1993,7,25
64,Jumla,Jumla,303,1993,8,24.8
64,Jumla,Jumla,303,1993,9,22.3
64,Jumla,Jumla,303,1993,10,22.1
64,Jumla,Jumla,303,1993,11,18.7
64,Jumla,Jumla,303,1993,12,16.5
64,Jumla,Jumla,303,1994,1,13.5
64,Jumla,Jumla,303,1994,2,12.7
64,Jumla,Jumla,303,1994,3,20.3
64,Jumla,Jumla,303,1994,4,19.6
64,Jumla,Jumla,303,1994,5,23.8
64,Jumla,Jumla,303,1994,6,26.8
64,Jumla,Jumla,303,1994,7,25.9
64,Jumla,Jumla,303,1994,8,23.7
64,Jumla,Jumla,303,1994,9,24.8
64,Jumla,Jumla,303,1994,10,22.2
64,Jumla,Jumla,303,1994,11,17.1
64,Jumla,Jumla,303,1994,12,14.9
64,Jumla,Jumla,303,1995,1,10.5
64,Jumla,Jumla,303,1995,2,12.8
64,Jumla,Jumla,303,1995,3,17.1
64,Jumla,Jumla,303,1995,4,20.9
64,Jumla,Jumla,303,1995,5,25.5
64,Jumla,Jumla,303,1995,6,26.3
64,Jumla,Jumla,303,1995,7,24.9
64,Jumla,Jumla,303,1995,8,24.1
64,Jumla,Jumla,303,1995,9,24.3
64,Jumla,Jumla,303,1995,10,23
64,Jumla,Jumla,303,1995,11,18.1
64,Jumla,Jumla,303,1995,12,14.6
64,Jumla,Jumla,303,1996,1,12.7
64,Jumla,Jumla,303,1996,2,13.6
64,Jumla,Jumla,303,1996,3,18.8
64,Jumla,Jumla,303,1996,4,21.2
64,Jumla,Jumla,303,1996,5,24.8
64,Jumla,Jumla,303,1996,6,25.5
64,Jumla,Jumla,303,1996,7,25.3
64,Jumla,Jumla,303,1996,8,23.9
64,Jumla,Jumla,303,1996,9,24.2
64,Jumla,Jumla,303,1996,10,19.9
64,Jumla,Jumla,303,1996,11,19
64,Jumla,Jumla,303,1996,12,17.4
64,Jumla,Jumla,303,1997,1,12.4
64,Jumla,Jumla,303,1997,2,13.7
64,Jumla,Jumla,303,1997,3,18
64,Jumla,Jumla,303,1997,4,19.3
64,Jumla,Jumla,303,1997,5,22.9
64,Jumla,Jumla,303,1997,6,25.7
64,Jumla,Jumla,303,1997,7,26.7
64,Jumla,Jumla,303,1997,8,24.5
64,Jumla,Jumla,303,1997,9,24.5
64,Jumla,Jumla,303,1997,10,19
64,Jumla,Jumla,303,1997,11,16.7
64,Jumla,Jumla,303,1997,12,11.8
64,Jumla,Jumla,303,1998,1,15
64,Jumla,Jumla,303,1998,2,15.2
64,Jumla,Jumla,303,1998,3,16.2
64,Jumla,Jumla,303,1998,4,21.9
64,Jumla,Jumla,303,1998,5,26
64,Jumla,Jumla,303,1998,6,27.4
64,Jumla,Jumla,303,1998,7,25.1
64,Jumla,Jumla,303,1998,8,24.6
64,Jumla,Jumla,303,1998,9,24.8
64,Jumla,Jumla,303,1998,10,22.5
64,Jumla,Jumla,303,1998,11,19.3
64,Jumla,Jumla,303,1998,12,18
64,Jumla,Jumla,303,1999,1,14.4
64,Jumla,Jumla,303,1999,2,17.7
64,Jumla,Jumla,303,1999,3,21.4
64,Jumla,Jumla,303,1999,4,25.3
64,Jumla,Jumla,303,1999,5,25.9
64,Jumla,Jumla,303,1999,6,25
64,Jumla,Jumla,303,1999,7,25.1
64,Jumla,Jumla,303,1999,8,24.4
64,Jumla,Jumla,303,1999,9,24.6
64,Jumla,Jumla,303,1999,10,21.5
64,Jumla,Jumla,303,1999,11,19.4
64,Jumla,Jumla,303,1999,12,16.7
64,Jumla,Jumla,303,2000,1,13.9
64,Jumla,Jumla,303,2000,2,11.9
64,Jumla,Jumla,303,2000,3,16.8
64,Jumla,Jumla,303,2000,4,22.6
64,Jumla,Jumla,303,2000,5,24.4
64,Jumla,Jumla,303,2000,6,23.9
64,Jumla,Jumla,303,2000,7,24.2
64,Jumla,Jumla,303,2000,8,24.4
64,Jumla,Jumla,303,2000,9,23.1
64,Jumla,Jumla,303,2000,10,23.1
64,Jumla,Jumla,303,2000,11,18.6
64,Jumla,Jumla,303,2000,12,17.4
64,Jumla,Jumla,303,2001,1,14.8
64,Jumla,Jumla,303,2001,2,16.5
64,Jumla,Jumla,303,2001,3,17.7
64,Jumla,Jumla,303,2001,4,20.8
64,Jumla,Jumla,303,2001,5,23.8
64,Jumla,Jumla,303,2001,6,24.3
64,Jumla,Jumla,303,2001,7,25.4
64,Jumla,Jumla,303,2001,8,25.3
64,Jumla,Jumla,303,2001,9,25.7
64,Jumla,Jumla,303,2001,10,23.5
64,Jumla,Jumla,303,2001,11,19.8
64,Jumla,Jumla,303,2001,12,16.9
64,Jumla,Jumla,303,2002,1,12.6
64,Jumla,Jumla,303,2002,2,14.8
64,Jumla,Jumla,303,2002,3,18.7
64,Jumla,Jumla,303,2002,4,21.4
64,Jumla,Jumla,303,2002,5,23.9
64,Jumla,Jumla,303,2002,6,26.5
64,Jumla,Jumla,303,2002,7,26.4
64,Jumla,Jumla,303,2002,8,24.4
64,Jumla,Jumla,303,2002,9,22.3
64,Jumla,Jumla,303,2002,10,22
64,Jumla,Jumla,303,2002,11,19
64,Jumla,Jumla,303,2002,12,16.2
64,Jumla,Jumla,303,2003,1,15.7
64,Jumla,Jumla,303,2003,2,14.6
64,Jumla,Jumla,303,2003,3,18
64,Jumla,Jumla,303,2003,4,22.1
64,Jumla,Jumla,303,2003,5,24
64,Jumla,Jumla,303,2003,6,26.1
64,Jumla,Jumla,303,2003,7,24.6
64,Jumla,Jumla,303,2003,8,24.9
64,Jumla,Jumla,303,2003,9,23.9
64,Jumla,Jumla,303,2003,10,23.3
64,Jumla,Jumla,303,2003,11,19.5
64,Jumla,Jumla,303,2003,12,15.3
64,Jumla,Jumla,303,2004,1,13.3
64,Jumla,Jumla,303,2004,2,17.9
64,Jumla,Jumla,303,2004,3,22.7
64,Jumla,Jumla,303,2004,4,22.4
64,Jumla,Jumla,303,2004,5,24.4
64,Jumla,Jumla,303,2004,6,26.2
64,Jumla,Jumla,303,2004,7,25.6
64,Jumla,Jumla,303,2004,8,25
64,Jumla,Jumla,303,2004,9,24.8
64,Jumla,Jumla,303,2004,10,20.5
64,Jumla,Jumla,303,2004,11,17.7
64,Jumla,Jumla,303,2004,12,17.3
64,Jumla,Jumla,303,2005,1,11.8
64,Jumla,Jumla,303,2005,2,12.9
64,Jumla,Jumla,303,2005,3,19.1
64,Jumla,Jumla,303,2005,4,21.7
64,Jumla,Jumla,303,2005,5,24.3
64,Jumla,Jumla,303,2005,6,28.1
64,Jumla,Jumla,303,2005,7,24.5
64,Jumla,Jumla,303,2005,8,25.4
64,Jumla,Jumla,303,2005,9,24.5
64,Jumla,Jumla,303,2005,10,22.8
64,Jumla,Jumla,303,2005,11,19.9
64,Jumla,Jumla,303,2005,12,16.2
64,Jumla,Jumla,303,2006,1,17.1
64,Jumla,Jumla,303,2006,2,20.4
64,Jumla,Jumla,303,2006,3,18.7
64,Jumla,Jumla,303,2006,4,21.4
64,Jumla,Jumla,303,2006,5,25.1
64,Jumla,Jumla,303,2006,6,26.3
64,Jumla,Jumla,303,2006,7,25.7
64,Jumla,Jumla,303,2006,8,25.4
64,Jumla,Jumla,303,2006,9,26
64,Jumla,Jumla,303,2006,10,22.8
64,Jumla,Jumla,303,2006,11,19.1
64,Jumla,Jumla,303,2006,12,17.5
64,Jumla,Jumla,303,2007,1,16.6
64,Jumla,Jumla,303,2007,2,14.2
64,Jumla,Jumla,303,2007,3,18
64,Jumla,Jumla,303,2007,4,23.9
64,Jumla,Jumla,303,2007,5,24.5
64,Jumla,Jumla,303,2007,6,26.7
64,Jumla,Jumla,303,2007,7,24.8
64,Jumla,Jumla,303,2007,8,24.9
64,Jumla,Jumla,303,2007,9,25.2
64,Jumla,Jumla,303,2007,10,23.3
64,Jumla,Jumla,303,2007,11,19.5
64,Jumla,Jumla,303,2007,12,17.2
64,Jumla,Jumla,303,2008,1,12.3
64,Jumla,Jumla,303,2008,2,16.4
64,Jumla,Jumla,303,2008,3,20.2
64,Jumla,Jumla,303,2008,4,22.6
64,Jumla,Jumla,303,2008,5,23.6
64,Jumla,Jumla,303,2008,6,24.9
64,Jumla,Jumla,303,2008,7,24.8
64,Jumla,Jumla,303,2008,8,24.8
64,Jumla,Jumla,303,2008,9,24.7
64,Jumla,Jumla,303,2008,10,22.5
64,Jumla,Jumla,303,2008,11,21.5
64,Jumla,Jumla,303,2008,12,18.9
64,Jumla,Jumla,303,2009,1,18
64,Jumla,Jumla,303,2009,2,18.2
64,Jumla,Jumla,303,2009,3,20.3
64,Jumla,Jumla,303,2009,4,24.2
64,Jumla,Jumla,303,2009,5,24.2
64,Jumla,Jumla,303,2009,6,27.9
64,Jumla,Jumla,303,2009,7,26.4
64,Jumla,Jumla,303,2009,8,25.7
64,Jumla,Jumla,303,2009,9,23.6
64,Jumla,Jumla,303,2009,10,21.8
64,Jumla,Jumla,303,2009,11,18.9
64,Jumla,Jumla,303,2009,12,16.3
64,Jumla,Jumla,303,2010,1,16.6
64,Jumla,Jumla,303,2010,2,15.6
64,Jumla,Jumla,303,2010,3,22.5
64,Jumla,Jumla,303,2010,4,24.9
64,Jumla,Jumla,303,2010,5,24.6
64,Jumla,Jumla,303,2010,6,26.8
64,Jumla,Jumla,303,2010,7,24.7
64,Jumla,Jumla,303,2010,8,24.7
64,Jumla,Jumla,303,2010,9,24.1
64,Jumla,Jumla,303,2010,10,23.4
64,Jumla,Jumla,303,2010,11,20.8
64,Jumla,Jumla,303,2010,12,16.6
64,Jumla,Jumla,303,2011,1,13.9
64,Jumla,Jumla,303,2011,2,15.2
64,Jumla,Jumla,303,2011,3,19.7
64,Jumla,Jumla,303,2011,4,20.5
64,Jumla,Jumla,303,2011,5,24
64,Jumla,Jumla,303,2011,6,25.1
64,Jumla,Jumla,303,2011,7,24.4
64,Jumla,Jumla,303,2011,8,24.7
64,Jumla,Jumla,303,2011,9,25.5
64,Jumla,Jumla,303,2011,10,23.1
64,Jumla,Jumla,303,2011,11,20.5
64,Jumla,Jumla,303,2011,12,17.9
64,Jumla,Jumla,303,2012,1,10.9
64,Jumla,Jumla,303,2012,2,14.3
64,Jumla,Jumla,303,2012,3,19.2
64,Jumla,Jumla,303,2012,4,21
64,Jumla,Jumla,303,2012,5,25
64,Jumla,Jumla,303,2012,6,28.2
64,Jumla,Jumla,303,2012,7,25.3
64,Jumla,Jumla,303,2012,8,24.9
64,Jumla,Jumla,303,2012,9,25.5
64,Jumla,Jumla,303,2012,10,22.4
64,Jumla,Jumla,303,2012,11,19.5
64,Jumla,Jumla,303,2012,12,17.8
64,Jumla,Jumla,303,2013,1,14.8
64,Jumla,Jumla,303,2013,2,13.8
64,Jumla,Jumla,303,2013,3,21.3
64,Jumla,Jumla,303,2013,4,22.2
64,Jumla,Jumla,303,2013,5,25.5
64,Jumla,Jumla,303,2013,6,24.8
64,Jumla,Jumla,303,2013,7,24.9
64,Jumla,Jumla,303,2013,8,25.3
64,Jumla,Jumla,303,2013,9,25.8
64,Jumla,Jumla,303,2013,10,22.4
64,Jumla,Jumla,303,2013,11,20.5
64,Jumla,Jumla,303,2013,12,18
64,Jumla,Jumla,303,2014,1,14.8
64,Jumla,Jumla,303,2014,2,15
64,Jumla,Jumla,303,2014,3,18.6
64,Jumla,Jumla,303,2014,4,22.6
64,Jumla,Jumla,303,2014,5,24.9
64,Jumla,Jumla,303,2014,6,28.2
64,Jumla,Jumla,303,2014,7,25.4
64,Jumla,Jumla,303,2014,8,25.8
64,Jumla,Jumla,303,2014,9,25.5
64,Jumla,Jumla,303,2014,10,22.5
64,Jumla,Jumla,303,2014,11,21.2
64,Jumla,Jumla,303,2014,12,17.8
64,Jumla,Jumla,303,2015,1,14.1
64,Jumla,Jumla,303,2015,2,16.4
64,Jumla,Jumla,303,2015,3,18.5
64,Jumla,Jumla,303,2015,4,19.6
64,Jumla,Jumla,303,2015,5,25.3
64,Jumla,Jumla,303,2015,6,26
64,Jumla,Jumla,303,2015,7,25.6
64,Jumla,Jumla,303,2015,8,25.4
64,Jumla,Jumla,303,2015,9,27.2
64,Jumla,Jumla,303,2015,10,23.1
64,Jumla,Jumla,303,2015,11,20.2
64,Jumla,Jumla,303,2015,12,16.3
64,Jumla,Jumla,303,2016,1,13.1
64,Jumla,Jumla,303,2016,2,17.7
64,Jumla,Jumla,303,2016,3,20.1
64,Jumla,Jumla,303,2016,4,25
64,Jumla,Jumla,303,2016,5,24.8
64,Jumla,Jumla,303,2016,6,27.7
64,Jumla,Jumla,303,2016,7,23.8
64,Jumla,Jumla,303,2016,8,24.6
64,Jumla,Jumla,303,2016,9,25.6
64,Jumla,Jumla,303,2016,10,23.1
64,Jumla,Jumla,303,2016,11,21.2
64,Jumla,Jumla,303,2016,12,19.3
64,Jumla,Jumla,303,2017,1,13.2
64,Jumla,Jumla,303,2017,2,18.8
64,Jumla,Jumla,303,2017,3,18.2
64,Jumla,Jumla,303,2017,4,23.1
64,Jumla,Jumla,303,2017,5,24.4
64,Jumla,Jumla,303,2017,6,26.8
64,Jumla,Jumla,303,2017,7,24.1
64,Jumla,Jumla,303,2017,8,24.6
64,Jumla,Jumla,303,2017,9,25.4
64,Jumla,Jumla,303,2017,10,23.7
64,Jumla,Jumla,303,2017,11,19.1
64,Jumla,Jumla,303,2017,12,17.7
64,Jumla,Jumla,303,2018,1,18.8
64,Jumla,Jumla,303,2018,2,17.6
64,Jumla,Jumla,303,2018,3,20.5
64,Jumla,Jumla,303,2018,4,22.1
64,Jumla,Jumla,303,2018,5,25.2
64,Jumla,Jumla,303,2018,6,27.3
64,Jumla,Jumla,303,2018,7,25.3
64,Jumla,Jumla,303,2018,8,24.1
64,Jumla,Jumla,303,2018,9,24.6
64,Jumla,Jumla,303,2018,10,21.7
64,Jumla,Jumla,303,2018,11,19.3
64,Jumla,Jumla,303,2018,12,14.8
64,Jumla,Jumla,303,2019,1,11.1
64,Jumla,Jumla,303,2019,2,11.3
64,Jumla,Jumla,303,2019,3,17.8
64,Jumla,Jumla,303,2019,4,22.4
64,Jumla,Jumla,303,2019,5,24.2
64,Jumla,Jumla,303,2019,6,26.2
64,Jumla,Jumla,303,2019,7,24.3
64,Jumla,Jumla,303,2019,8,25.3
64,Jumla,Jumla,303,2019,9,24.1
64,Jumla,Jumla,303,2019,10,22.2
64,Jumla,Jumla,303,2019,11,20
64,Jumla,Jumla,303,2019,12,13.9
121,Rajbiraj,Saptari,1223,1990,1,23.2
121,Rajbiraj,Saptari,1223,1990,2,25.9
121,Rajbiraj,Saptari,1223,1990,3,29.8
121,Rajbiraj,Saptari,1223,1990,4,33.5
121,Rajbiraj,Saptari,1223,1990,5,33.1
121,Rajbiraj,Saptari,1223,1990,6,33.7
121,Rajbiraj,Saptari,1223,1990,7,32.8
121,Rajbiraj,Saptari,1223,1990,8,34
121,Rajbiraj,Saptari,1223,1990,9,32.8
121,Rajbiraj,Saptari,1223,1990,10,31.1
121,Rajbiraj,Saptari,1223,1990,11,31
121,Rajbiraj,Saptari,1223,1990,12,26.9
121,Rajbiraj,Saptari,1223,1991,1,23.3
121,Rajbiraj,Saptari,1223,1991,2,28
121,Rajbiraj,Saptari,1223,1991,3,32.5
121,Rajbiraj,Saptari,1223,1991,4,35.3
121,Rajbiraj,Saptari,1223,1991,5,35.4
121,Rajbiraj,Saptari,1223,1991,6,34.4
121,Rajbiraj,Saptari,1223,1991,7,33.7
121,Rajbiraj,Saptari,1223,1991,8,33.4
121,Rajbiraj,Saptari,1223,1991,9,33.6
121,Rajbiraj,Saptari,1223,1991,10,33.5
121,Rajbiraj,Saptari,1223,1991,11,29.6
121,Rajbiraj,Saptari,1223,1991,12,25.6
121,Rajbiraj,Saptari,1223,1992,1,24.7
121,Rajbiraj,Saptari,1223,1992,2,25.3
121,Rajbiraj,Saptari,1223,1992,3,33.2
121,Rajbiraj,Saptari,1223,1992,4,37.9
121,Rajbiraj,Saptari,1223,1992,5,34.2
121,Rajbiraj,Saptari,1223,1992,6,35.4
121,Rajbiraj,Saptari,1223,1992,7,33
121,Rajbiraj,Saptari,1223,1992,8,33.5
121,Rajbiraj,Saptari,1223,1992,9,34.5
121,Rajbiraj,Saptari,1223,1992,10,33.4
121,Rajbiraj,Saptari,1223,1992,11,32.6
121,Rajbiraj,Saptari,1223,1992,12,27.1
121,Rajbiraj,Saptari,1223,1993,1,22.5
121,Rajbiraj,Saptari,1223,1993,2,29.4
121,Rajbiraj,Saptari,1223,1993,3,31.7
121,Rajbiraj,Saptari,1223,1993,4,34.5
121,Rajbiraj,Saptari,1223,1993,5,34.7
121,Rajbiraj,Saptari,1223,1993,6,33.7
121,Rajbiraj,Saptari,1223,1993,7,34.1
121,Rajbiraj,Saptari,1223,1993,8,32.8
121,Rajbiraj,Saptari,1223,1993,9,33.3
121,Rajbiraj,Saptari,1223,1993,10,34.8
121,Rajbiraj,Saptari,1223,1993,11,32
121,Rajbiraj,Saptari,1223,1993,12,29.9
121,Rajbiraj,Saptari,1223,1994,1,26.3
121,Rajbiraj,Saptari,1223,1994,2,27.2
121,Rajbiraj,Saptari,1223,1994,3,32.6
121,Rajbiraj,Saptari,1223,1994,4,36.9
121,Rajbiraj,Saptari,1223,1994,5,38.3
121,Rajbiraj,Saptari,1223,1994,6,36
121,Rajbiraj,Saptari,1223,1994,7,36
121,Rajbiraj,Saptari,1223,1994,8,35.6
121,Rajbiraj,Saptari,1223,1994,9,35.2
121,Rajbiraj,Saptari,1223,1994,10,33.2
121,Rajbiraj,Saptari,1223,1995,1,22.6
121,Rajbiraj,Saptari,1223,1995,4,39.1
121,Rajbiraj,Saptari,1223,1995,5,40.7
121,Rajbiraj,Saptari,1223,1995,6,35.1
121,Rajbiraj,Saptari,1223,1995,7,33
121,Rajbiraj,Saptari,1223,1995,8,34.1
121,Rajbiraj,Saptari,1223,1996,3,33
121,Rajbiraj,Saptari,1223,1996,4,36.9
121,Rajbiraj,Saptari,1223,1996,5,33.4
121,Rajbiraj,Saptari,1223,1996,6,33.2
121,Rajbiraj,Saptari,1223,1996,7,32.2
121,Rajbiraj,Saptari,1223,1996,8,32.6
121,Rajbiraj,Saptari,1223,1996,9,33.9
121,Rajbiraj,Saptari,1223,1996,10,33.3
121,Rajbiraj,Saptari,1223,1996,11,31.6
121,Rajbiraj,Saptari,1223,1996,12,28
121,Rajbiraj,Saptari,1223,1997,1,24.9
121,Rajbiraj,Saptari,1223,1997,2,25.8
121,Rajbiraj,Saptari,1223,1997,3,32.9
121,Rajbiraj,Saptari,1223,1997,4,32.3
121,Rajbiraj,Saptari,1223,1997,5,35.3
121,Rajbiraj,Saptari,1223,1997,6,33.8
121,Rajbiraj,Saptari,1223,1997,7,32.8
121,Rajbiraj,Saptari,1223,1997,8,33.3
121,Rajbiraj,Saptari,1223,1997,9,33.3
121,Rajbiraj,Saptari,1223,1997,10,33.4
121,Rajbiraj,Saptari,1223,1997,11,30.9
121,Rajbiraj,Saptari,1223,1997,12,24.5
121,Rajbiraj,Saptari,1223,1998,1,21.5
121,Rajbiraj,Saptari,1223,1998,2,28.1
121,Rajbiraj,Saptari,1223,1998,3,30
121,Rajbiraj,Saptari,1223,1998,4,33
121,Rajbiraj,Saptari,1223,1998,5,35.2
121,Rajbiraj,Saptari,1223,1998,6,34.9
121,Rajbiraj,Saptari,1223,1998,7,31.6
121,Rajbiraj,Saptari,1223,1998,8,31.6
121,Rajbiraj,Saptari,1223,1998,9,33.2
121,Rajbiraj,Saptari,1223,1998,10,33.7
121,Rajbiraj,Saptari,1223,1998,11,32.7
121,Rajbiraj,Saptari,1223,1998,12,28
121,Rajbiraj,Saptari,1223,1999,1,24.6
121,Rajbiraj,Saptari,1223,1999,2,30.2
121,Rajbiraj,Saptari,1223,1999,3,34.2
121,Rajbiraj,Saptari,1223,1999,4,36.7
121,Rajbiraj,Saptari,1223,1999,5,33.6
121,Rajbiraj,Saptari,1223,1999,6,33.4
121,Rajbiraj,Saptari,1223,1999,7,31.9
121,Rajbiraj,Saptari,1223,1999,8,31.4
121,Rajbiraj,Saptari,1223,1999,9,32.6
121,Rajbiraj,Saptari,1223,1999,10,31.8
121,Rajbiraj,Saptari,1223,1999,11,31
121,Rajbiraj,Saptari,1223,1999,12,28.1
121,Rajbiraj,Saptari,1223,2000,1,23
121,Rajbiraj,Saptari,1223,2000,2,25.3
121,Rajbiraj,Saptari,1223,2000,3,31.3
121,Rajbiraj,Saptari,1223,2000,4,34.3
121,Rajbiraj,Saptari,1223,2000,5,32.7
121,Rajbiraj,Saptari,1223,2000,6,32.5
121,Rajbiraj,Saptari,1223,2000,7,32.5
121,Rajbiraj,Saptari,1223,2000,8,33.1
121,Rajbiraj,Saptari,1223,2000,9,31.7
121,Rajbiraj,Saptari,1223,2000,10,33.3
121,Rajbiraj,Saptari,1223,2000,11,29.2
121,Rajbiraj,Saptari,1223,2000,12,27
121,Rajbiraj,Saptari,1223,2001,1,23
121,Rajbiraj,Saptari,1223,2001,2,27.9
121,Rajbiraj,Saptari,1223,2001,3,32.9
121,Rajbiraj,Saptari,1223,2001,4,35.3
121,Rajbiraj,Saptari,1223,2001,5,32.9
121,Rajbiraj,Saptari,1223,2001,6,32.9
121,Rajbiraj,Saptari,1223,2001,7,33.5
121,Rajbiraj,Saptari,1223,2001,8,33.4
121,Rajbiraj,Saptari,1223,2001,9,32.1
121,Rajbiraj,Saptari,1223,2001,10,31.5
121,Rajbiraj,Saptari,1223,2001,11,29.7
121,Rajbiraj,Saptari,1223,2001,12,24.1
121,Rajbiraj,Saptari,1223,2002,1,23.9
121,Rajbiraj,Saptari,1223,2002,2,26.6
121,Rajbiraj,Saptari,1223,2002,3,31.9
121,Rajbiraj,Saptari,1223,2002,4,32.4
121,Rajbiraj,Saptari,1223,2002,5,32.6
121,Rajbiraj,Saptari,1223,2002,6,33
121,Rajbiraj,Saptari,1223,2002,7,31.6
121,Rajbiraj,Saptari,1223,2002,8,32.7
121,Rajbiraj,Saptari,1223,2002,9,33.2
121,Rajbiraj,Saptari,1223,2002,10,32.5
121,Rajbiraj,Saptari,1223,2002,11,31.1
121,Rajbiraj,Saptari,1223,2002,12,25.3
121,Rajbiraj,Saptari,1223,2003,1,19.1
121,Rajbiraj,Saptari,1223,2003,2,25.1
121,Rajbiraj,Saptari,1223,2003,3,29.6
121,Rajbiraj,Saptari,1223,2003,8,34.2
121,Rajbiraj,Saptari,1223,2003,9,33.5
121,Rajbiraj,Saptari,1223,2003,10,31.8
121,Rajbiraj,Saptari,1223,2003,11,29.9
121,Rajbiraj,Saptari,1223,2003,12,26.1
121,Rajbiraj,Saptari,1223,2004,1,22.9
121,Rajbiraj,Saptari,1223,2004,2,27.9
121,Rajbiraj,Saptari,1223,2004,3,33.6
121,Rajbiraj,Saptari,1223,2004,4,34.3
121,Rajbiraj,Saptari,1223,2004,5,34.8
121,Rajbiraj,Saptari,1223,2004,6,33.3
121,Rajbiraj,Saptari,1223,2004,7,32.1
121,Rajbiraj,Saptari,1223,2004,8,34.2
121,Rajbiraj,Saptari,1223,2004,9,33.4
121,Rajbiraj,Saptari,1223,2004,10,33
121,Rajbiraj,Saptari,1223,2004,11,31.4
121,Rajbiraj,Saptari,1223,2005,1,24.8
121,Rajbiraj,Saptari,1223,2005,2,28.5
121,Rajbiraj,Saptari,1223,2005,3,33.3
121,Rajbiraj,Saptari,1223,2005,6,35.1
121,Rajbiraj,Saptari,1223,2005,7,33
121,Rajbiraj,Saptari,1223,2005,8,32.5
121,Rajbiraj,Saptari,1223,2005,9,33.9
121,Rajbiraj,Saptari,1223,2005,10,31.4
121,Rajbiraj,Saptari,1223,2005,11,29.3
121,Rajbiraj,Saptari,1223,2005,12,26.6
121,Rajbiraj,Saptari,1223,2006,1,23.5
121,Rajbiraj,Saptari,1223,2006,2,28.7
121,Rajbiraj,Saptari,1223,2006,3,32.4
121,Rajbiraj,Saptari,1223,2006,4,34
121,Rajbiraj,Saptari,1223,2006,5,33.9
121,Rajbiraj,Saptari,1223,2006,6,33.9
121,Rajbiraj,Saptari,1223,2006,7,33.8
121,Rajbiraj,Saptari,1223,2006,8,34.4
121,Rajbiraj,Saptari,1223,2006,9,32.2
121,Rajbiraj,Saptari,1223,2006,10,33
121,Rajbiraj,Saptari,1223,2006,11,28.1
121,Rajbiraj,Saptari,1223,2006,12,25.3
121,Rajbiraj,Saptari,1223,2007,1,22.7
121,Rajbiraj,Saptari,1223,2007,2,25.1
121,Rajbiraj,Saptari,1223,2007,3,30.9
121,Rajbiraj,Saptari,1223,2007,4,35.9
121,Rajbiraj,Saptari,1223,2007,7,31.8
121,Rajbiraj,Saptari,1223,2007,8,33.2
121,Rajbiraj,Saptari,1223,2007,9,32.5
121,Rajbiraj,Saptari,1223,2007,10,32.5
121,Rajbiraj,Saptari,1223,2007,11,30.3
121,Rajbiraj,Saptari,1223,2007,12,24.6
121,Rajbiraj,Saptari,1223,2008,1,22
121,Rajbiraj,Saptari,1223,2008,2,23
121,Rajbiraj,Saptari,1223,2008,3,29.9
121,Rajbiraj,Saptari,1223,2008,4,34.8
121,Rajbiraj,Saptari,1223,2008,5,33.8
121,Rajbiraj,Saptari,1223,2008,6,33.4
121,Rajbiraj,Saptari,1223,2008,7,32.7
121,Rajbiraj,Saptari,1223,2008,9,33.7
121,Rajbiraj,Saptari,1223,2008,10,32.2
121,Rajbiraj,Saptari,1223,2008,11,28.3
121,Rajbiraj,Saptari,1223,2008,12,24.1
121,Rajbiraj,Saptari,1223,2009,1,23.4
121,Rajbiraj,Saptari,1223,2009,2,27
121,Rajbiraj,Saptari,1223,2009,3,32.6
121,Rajbiraj,Saptari,1223,2009,4,35.1
121,Rajbiraj,Saptari,1223,2009,5,33.1
121,Rajbiraj,Saptari,1223,2009,6,34.3
121,Rajbiraj,Saptari,1223,2009,7,33.7
121,Rajbiraj,Saptari,1223,2009,8,33
121,Rajbiraj,Saptari,1223,2009,9,34.9
121,Rajbiraj,Saptari,1223,2009,10,32.6
121,Rajbiraj,Saptari,1223,2009,11,28.2
121,Rajbiraj,Saptari,1223,2009,12,23.9
121,Rajbiraj,Saptari,1223,2010,1,19.8
121,Rajbiraj,Saptari,1223,2010,2,27
121,Rajbiraj,Saptari,1223,2010,3,33
121,Rajbiraj,Saptari,1223,2010,4,36
121,Rajbiraj,Saptari,1223,2010,5,34.9
121,Rajbiraj,Saptari,1223,2010,6,34.1
121,Rajbiraj,Saptari,1223,2010,7,32.8
121,Rajbiraj,Saptari,1223,2010,8,33.4
121,Rajbiraj,Saptari,1223,2010,9,32.7
121,Rajbiraj,Saptari,1223,2010,10,31
121,Rajbiraj,Saptari,1223,2010,11,27.9
121,Rajbiraj,Saptari,1223,2010,12,24.2
121,Rajbiraj,Saptari,1223,2011,1,19.1
121,Rajbiraj,Saptari,1223,2011,2,25.9
121,Rajbiraj,Saptari,1223,2011,3,31.2
121,Rajbiraj,Saptari,1223,2011,4,33.3
121,Rajbiraj,Saptari,1223,2011,5,33
121,Rajbiraj,Saptari,1223,2011,6,33.3
121,Rajbiraj,Saptari,1223,2011,7,32.6
121,Rajbiraj,Saptari,1223,2011,8,33.1
121,Rajbiraj,Saptari,1223,2011,9,33.4
121,Rajbiraj,Saptari,1223,2011,10,32.5
121,Rajbiraj,Saptari,1223,2011,11,27.6
121,Rajbiraj,Saptari,1223,2011,12,21.8
121,Rajbiraj,Saptari,1223,2012,1,20.9
121,Rajbiraj,Saptari,1223,2012,2,25.3
121,Rajbiraj,Saptari,1223,2012,3,30.4
121,Rajbiraj,Saptari,1223,2012,4,33.8
121,Rajbiraj,Saptari,1223,2012,5,35.9
121,Rajbiraj,Saptari,1223,2012,6,33.6
121,Rajbiraj,Saptari,1223,2012,7,32.6
121,Rajbiraj,Saptari,1223,2012,8,33.7
121,Rajbiraj,Saptari,1223,2012,9,32.5
121,Rajbiraj,Saptari,1223,2012,10,31.2
121,Rajbiraj,Saptari,1223,2012,11,27.9
121,Rajbiraj,Saptari,1223,2012,12,21.9
121,Rajbiraj,Saptari,1223,2013,1,20.1
121,Rajbiraj,Saptari,1223,2013,2,26.6
121,Rajbiraj,Saptari,1223,2013,3,31.6
121,Rajbiraj,Saptari,1223,2013,4,33.8
121,Rajbiraj,Saptari,1223,2013,5,33.5
121,Rajbiraj,Saptari,1223,2013,6,33.1
121,Rajbiraj,Saptari,1223,2013,7,32.5
121,Rajbiraj,Saptari,1223,2013,8,33
121,Rajbiraj,Saptari,1223,2013,9,34.2
121,Rajbiraj,Saptari,1223,2013,10,29.9
121,Rajbiraj,Saptari,1223,2013,11,27.1
121,Rajbiraj,Saptari,1223,2013,12,22.8
121,Rajbiraj,Saptari,1223,2014,3,30.4
121,Rajbiraj,Saptari,1223,2014,6,33.3
121,Rajbiraj,Saptari,1223,2014,7,33.3
121,Rajbiraj,Saptari,1223,2014,8,32.9
121,Rajbiraj,Saptari,1223,2014,9,32.3
121,Rajbiraj,Saptari,1223,2014,10,31.5
121,Rajbiraj,Saptari,1223,2014,11,27.3
121,Rajbiraj,Saptari,1223,2014,12,21.7
121,Rajbiraj,Saptari,1223,2015,1,20.9
121,Rajbiraj,Saptari,1223,2015,2,25.4
121,Rajbiraj,Saptari,1223,2015,3,29.8
121,Rajbiraj,Saptari,1223,2015,4,32.6
121,Rajbiraj,Saptari,1223,2015,5,34.3
121,Rajbiraj,Saptari,1223,2015,6,34.4
121,Rajbiraj,Saptari,1223,2015,7,34.2
121,Rajbiraj,Saptari,1223,2015,8,32.7
121,Rajbiraj,Saptari,1223,2015,9,32.9
121,Rajbiraj,Saptari,1223,2015,10,32.1
121,Rajbiraj,Saptari,1223,2015,11,29.6
121,Rajbiraj,Saptari,1223,2015,12,24.2
121,Rajbiraj,Saptari,1223,2016,1,22.3
121,Rajbiraj,Saptari,1223,2016,2,28.2
121,Rajbiraj,Saptari,1223,2016,3,32.9
121,Rajbiraj,Saptari,1223,2016,4,36.4
121,Rajbiraj,Saptari,1223,2016,5,33.5
121,Rajbiraj,Saptari,1223,2016,6,33.4
121,Rajbiraj,Saptari,1223,2016,7,32.4
121,Rajbiraj,Saptari,1223,2016,8,34.4
121,Rajbiraj,Saptari,1223,2016,10,32.6
121,Rajbiraj,Saptari,1223,2017,1,22.8
121,Rajbiraj,Saptari,1223,2017,2,26.5
121,Rajbiraj,Saptari,1223,2017,3,28.5
121,Rajbiraj,Saptari,1223,2017,4,32.7
121,Rajbiraj,Saptari,1223,2017,5,32.9
121,Rajbiraj,Saptari,1223,2017,6,33.8
121,Rajbiraj,Saptari,1223,2017,7,32.7
121,Rajbiraj,Saptari,1223,2017,8,32.2
121,Rajbiraj,Saptari,1223,2017,9,33.5
121,Rajbiraj,Saptari,1223,2017,10,31.2
121,Rajbiraj,Saptari,1223,2017,11,28.5
121,Rajbiraj,Saptari,1223,2017,12,25
121,Rajbiraj,Saptari,1223,2018,1,18.3
121,Rajbiraj,Saptari,1223,2018,2,25.6
121,Rajbiraj,Saptari,1223,2018,4,31.9
121,Rajbiraj,Saptari,1223,2018,5,32.5
121,Rajbiraj,Saptari,1223,2018,6,34
121,Rajbiraj,Saptari,1223,2018,7,33.3
121,Rajbiraj,Saptari,1223,2018,8,33
121,Rajbiraj,Saptari,1223,2018,9,32.9
121,Rajbiraj,Saptari,1223,2018,10,31.2
121,Rajbiraj,Saptari,1223,2018,11,28.8
121,Rajbiraj,Saptari,1223,2018,12,24.6
121,Rajbiraj,Saptari,1223,2019,1,23.9
121,Rajbiraj,Saptari,1223,2019,2,25.2
121,Rajbiraj,Saptari,1223,2019,3,30.9
121,Rajbiraj,Saptari,1223,2019,4,32.9
121,Rajbiraj,Saptari,1223,2019,5,34.7
121,Rajbiraj,Saptari,1223,2019,6,34.9
121,Rajbiraj,Saptari,1223,2019,7,32.4
121,Rajbiraj,Saptari,1223,2019,8,34.9
121,Rajbiraj,Saptari,1223,2019,9,31.9
121,Rajbiraj,Saptari,1223,2019,10,30.5
121,Rajbiraj,Saptari,1223,2019,11,29.2
121,Rajbiraj,Saptari,1223,2019,12,22
234,Tamghas,Gulmi,725,1990,1,16.4
234,Tamghas,Gulmi,725,1990,2,15.1
234,Tamghas,Gulmi,725,1990,3,18.2
234,Tamghas,Gulmi,725,1990,4,24.2
234,Tamghas,Gulmi,725,1990,5,25.1
234,Tamghas,Gulmi,725,1990,6,27.1
234,Tamghas,Gulmi,725,1990,7,25.3
234,Tamghas,Gulmi,725,1990,8,26
234,Tamghas,Gulmi,725,1990,9,24.8
234,Tamghas,Gulmi,725,1990,10,22.5
234,Tamghas,Gulmi,725,1990,11,20.8
234,Tamghas,Gulmi,725,1990,12,16.8
234,Tamghas,Gulmi,725,1991,1,13.6
234,Tamghas,Gulmi,725,1991,2,19.1
234,Tamghas,Gulmi,725,1991,3,21.9
234,Tamghas,Gulmi,725,1991,4,25.4
234,Tamghas,Gulmi,725,1991,5,27.4
234,Tamghas,Gulmi,725,1991,6,26.7
234,Tamghas,Gulmi,725,1991,7,26.6
234,Tamghas,Gulmi,725,1991,8,25.9
234,Tamghas,Gulmi,725,1991,9,25.3
234,Tamghas,Gulmi,725,1991,10,23.8
234,Tamghas,Gulmi,725,1991,11,18.8
234,Tamghas,Gulmi,725,1991,12,15.4
234,Tamghas,Gulmi,725,1992,1,13.8
234,Tamghas,Gulmi,725,1992,2,14.6
234,Tamghas,Gulmi,725,1992,3,23.8
234,Tamghas,Gulmi,725,1992,4,27.8
234,Tamghas,Gulmi,725,1992,5,25.6
234,Tamghas,Gulmi,725,1992,6,27.9
234,Tamghas,Gulmi,725,1992,7,25.7
234,Tamghas,Gulmi,725,1992,8,25.4
234,Tamghas,Gulmi,725,1992,9,25.3
234,Tamghas,Gulmi,725,1992,10,22.7
234,Tamghas,Gulmi,725,1992,11,19.6
234,Tamghas,Gulmi,725,1992,12,15.8
234,Tamghas,Gulmi,725,1993,1,14.4
234,Tamghas,Gulmi,725,1993,2,18
234,Tamghas,Gulmi,725,1993,3,19.5
234,Tamghas,Gulmi,725,1993,4,24.2
234,Tamghas,Gulmi,725,1993,5,25.4
234,Tamghas,Gulmi,725,1993,6,26.5
234,Tamghas,Gulmi,725,1993,7,26
234,Tamghas,Gulmi,725,1993,8,25.7
234,Tamghas,Gulmi,725,1993,9,24
234,Tamghas,Gulmi,725,1993,10,23.7
234,Tamghas,Gulmi,725,1993,11,20.1
234,Tamghas,Gulmi,725,1993,12,17.3
234,Tamghas,Gulmi,725,1994,1,16.7
234,Tamghas,Gulmi,725,1994,2,16.1
234,Tamghas,Gulmi,725,1994,3,22.6
234,Tamghas,Gulmi,725,1994,4,26.2
234,Tamghas,Gulmi,725,1994,5,27.2
234,Tamghas,Gulmi,725,1994,6,26.5
234,Tamghas,Gulmi,725,1994,7,26.8
234,Tamghas,Gulmi,725,1994,8,26.7
234,Tamghas,Gulmi,725,1994,9,26
234,Tamghas,Gulmi,725,1994,10,22.5
234,Tamghas,Gulmi,725,1994,11,18.6
234,Tamghas,Gulmi,725,1994,12,15.6
234,Tamghas,Gulmi,725,1995,1,13.4
234,Tamghas,Gulmi,725,1995,2,15.6
234,Tamghas,Gulmi,725,1995,3,21.2
234,Tamghas,Gulmi,725,1995,4,26.7
234,Tamghas,Gulmi,725,1995,5,29
234,Tamghas,Gulmi,725,1995,6,25.9
234,Tamghas,Gulmi,725,1995,7,25.5
234,Tamghas,Gulmi,725,1995,8,25.9
234,Tamghas,Gulmi,725,1995,9,25.8
234,Tamghas,Gulmi,725,1995,10,23.7
234,Tamghas,Gulmi,725,1995,11,19.5
234,Tamghas,Gulmi,725,1995,12,15.4
234,Tamghas,Gulmi,725,1997,1,13.3
234,Tamghas,Gulmi,725,1997,2,14.9
234,Tamghas,Gulmi,725,1997,3,21.3
234,Tamghas,Gulmi,725,1997,4,22.3
234,Tamghas,Gulmi,725,1997,5,26.8
234,Tamghas,Gulmi,725,1997,6,27.1
234,Tamghas,Gulmi,725,1997,7,26
234,Tamghas,Gulmi,725,1997,8,25.9
234,Tamghas,Gulmi,725,1997,9,25.3
234,Tamghas,Gulmi,725,1997,10,21.7
234,Tamghas,Gulmi,725,1997,11,18.9
234,Tamghas,Gulmi,725,1997,12,14.4
234,Tamghas,Gulmi,725,1998,1,14.5
234,Tamghas,Gulmi,725,1998,2,17.3
234,Tamghas,Gulmi,725,1998,3,19.6
234,Tamghas,Gulmi,725,1998,4,24.6
234,Tamghas,Gulmi,725,1998,5,26.4
234,Tamghas,Gulmi,725,1998,6,27.9
234,Tamghas,Gulmi,725,1998,7,24.9
234,Tamghas,Gulmi,725,1998,8,25
234,Tamghas,Gulmi,725,1998,9,26
234,Tamghas,Gulmi,725,1998,10,24.2
234,Tamghas,Gulmi,725,1998,11,20.5
234,Tamghas,Gulmi,725,1998,12,17.1
234,Tamghas,Gulmi,725,1999,1,16
234,Tamghas,Gulmi,725,1999,2,20.8
234,Tamghas,Gulmi,725,1999,3,24.4
234,Tamghas,Gulmi,725,1999,4,28.3
234,Tamghas,Gulmi,725,1999,5,26.2
234,Tamghas,Gulmi,725,1999,6,26.5
234,Tamghas,Gulmi,725,1999,7,24.9
234,Tamghas,Gulmi,725,1999,8,25.2
234,Tamghas,Gulmi,725,1999,9,25.2
234,Tamghas,Gulmi,725,1999,10,23.3
234,Tamghas,Gulmi,725,1999,11,19.6
234,Tamghas,Gulmi,725,1999,12,16.2
234,Tamghas,Gulmi,725,2000,1,14.8
234,Tamghas,Gulmi,725,2000,2,14.8
234,Tamghas,Gulmi,725,2000,3,21.2
234,Tamghas,Gulmi,725,2000,4,26.1
234,Tamghas,Gulmi,725,2000,5,25.7
234,Tamghas,Gulmi,725,2000,6,25.6
234,Tamghas,Gulmi,725,2000,7,26.1
234,Tamghas,Gulmi,725,2000,8,26.2
234,Tamghas,Gulmi,725,2000,9,24.8
234,Tamghas,Gulmi,725,2000,10,23.8
234,Tamghas,Gulmi,725,2000,11,19.7
234,Tamghas,Gulmi,725,2000,12,16.4
234,Tamghas,Gulmi,725,2001,1,15.4
234,Tamghas,Gulmi,725,2001,2,19
234,Tamghas,Gulmi,725,2001,3,22.2
234,Tamghas,Gulmi,725,2001,4,26.2
234,Tamghas,Gulmi,725,2001,5,25
234,Tamghas,Gulmi,725,2001,6,26
234,Tamghas,Gulmi,725,2001,7,26.1
234,Tamghas,Gulmi,725,2001,8,26.1
234,Tamghas,Gulmi,725,2001,9,25
234,Tamghas,Gulmi,725,2001,10,23.9
234,Tamghas,Gulmi,725,2001,11,19.8
234,Tamghas,Gulmi,725,2001,12,15.8
234,Tamghas,Gulmi,725,2002,1,14.7
234,Tamghas,Gulmi,725,2002,2,18.1
234,Tamghas,Gulmi,725,2002,3,21.6
234,Tamghas,Gulmi,725,2002,4,24.1
234,Tamghas,Gulmi,725,2002,5,24.6
234,Tamghas,Gulmi,725,2002,6,27.2
234,Tamghas,Gulmi,725,2002,7,26.7
234,Tamghas,Gulmi,725,2002,8,26.3
234,Tamghas,Gulmi,725,2002,9,25.1
234,Tamghas,Gulmi,725,2002,10,23.2
234,Tamghas,Gulmi,725,2002,11,19.8
234,Tamghas,Gulmi,725,2002,12,15.7
234,Tamghas,Gulmi,725,2003,1,15.2
234,Tamghas,Gulmi,725,2003,2,16.6
234,Tamghas,Gulmi,725,2003,3,20.5
234,Tamghas,Gulmi,725,2003,4,26
234,Tamghas,Gulmi,725,2003,5,26
234,Tamghas,Gulmi,725,2003,6,25.8
234,Tamghas,Gulmi,725,2003,7,25.9
234,Tamghas,Gulmi,725,2003,8,26.3
234,Tamghas,Gulmi,725,2003,9,25.1
234,Tamghas,Gulmi,725,2003,10,24.1
234,Tamghas,Gulmi,725,2003,11,19.3
234,Tamghas,Gulmi,725,2003,12,15.5
234,Tamghas,Gulmi,725,2004,1,14.6
234,Tamghas,Gulmi,725,2004,2,17.6
234,Tamghas,Gulmi,725,2004,3,24.6
234,Tamghas,Gulmi,725,2004,4,25
234,Tamghas,Gulmi,725,2004,5,26.1
234,Tamghas,Gulmi,725,2004,6,26.3
234,Tamghas,Gulmi,725,2004,7,25.3
234,Tamghas,Gulmi,725,2004,8,26.6
234,Tamghas,Gulmi,725,2004,9,25.9
234,Tamghas,Gulmi,725,2004,10,23
234,Tamghas,Gulmi,725,2004,11,19.3
234,Tamghas,Gulmi,725,2004,12,16.2
234,Tamghas,Gulmi,725,2005,1,14.1
234,Tamghas,Gulmi,725,2005,2,18.2
234,Tamghas,Gulmi,725,2005,3,22.6
234,Tamghas,Gulmi,725,2005,4,26.2
234,Tamghas,Gulmi,725,2005,5,27.3
234,Tamghas,Gulmi,725,2005,6,28.4
234,Tamghas,Gulmi,725,2005,7,25.6
234,Tamghas,Gulmi,725,2005,8,25.6
234,Tamghas,Gulmi,725,2005,9,26.1
234,Tamghas,Gulmi,725,2005,10,22.7
234,Tamghas,Gulmi,725,2005,11,19.3
234,Tamghas,Gulmi,725,2005,12,16.8
234,Tamghas,Gulmi,725,2006,1,18.5
234,Tamghas,Gulmi,725,2006,2,21
234,Tamghas,Gulmi,725,2006,3,22.5
234,Tamghas,Gulmi,725,2006,4,25.2
234,Tamghas,Gulmi,725,2006,5,25.7
234,Tamghas,Gulmi,725,2006,6,26.5
234,Tamghas,Gulmi,725,2006,7,26.3
234,Tamghas,Gulmi,725,2006,8,27.1
234,Tamghas,Gulmi,725,2006,9,26
234,Tamghas,Gulmi,725,2006,10,24.3
234,Tamghas,Gulmi,725,2006,11,19.5
234,Tamghas,Gulmi,725,2006,12,16.5
234,Tamghas,Gulmi,725,2007,1,15.3
234,Tamghas,Gulmi,725,2007,2,16.3
234,Tamghas,Gulmi,725,2007,3,21
234,Tamghas,Gulmi,725,2007,4,26.3
234,Tamghas,Gulmi,725,2007,5,27.1
234,Tamghas,Gulmi,725,2007,6,26.9
234,Tamghas,Gulmi,725,2007,7,25.3
234,Tamghas,Gulmi,725,2007,8,26.2
234,Tamghas,Gulmi,725,2007,9,25.3
234,Tamghas,Gulmi,725,2007,10,23.4
234,Tamghas,Gulmi,725,2007,11,19.7
234,Tamghas,Gulmi,725,2007,12,16.7
234,Tamghas,Gulmi,725,2008,1,14.9
234,Tamghas,Gulmi,725,2008,2,17.1
234,Tamghas,Gulmi,725,2008,3,23.5
234,Tamghas,Gulmi,725,2008,4,26.4
234,Tamghas,Gulmi,725,2008,5,25.7
234,Tamghas,Gulmi,725,2008,6,25.5
234,Tamghas,Gulmi,725,2008,7,25.7
234,Tamghas,Gulmi,725,2008,8,26.3
234,Tamghas,Gulmi,725,2008,9,26.3
234,Tamghas,Gulmi,725,2008,10,23.7
234,Tamghas,Gulmi,725,2008,11,20.7
234,Tamghas,Gulmi,725,2008,12,17.3
234,Tamghas,Gulmi,725,2009,1,17.9
234,Tamghas,Gulmi,725,2009,2,20.8
234,Tamghas,Gulmi,725,2009,3,23.8
234,Tamghas,Gulmi,725,2009,4,28.1
234,Tamghas,Gulmi,725,2009,5,27
234,Tamghas,Gulmi,725,2009,6,28.5
234,Tamghas,Gulmi,725,2009,10,23.1
234,Tamghas,Gulmi,725,2009,11,19.7
234,Tamghas,Gulmi,725,2009,12,16.7
234,Tamghas,Gulmi,725,2010,1,18.5
234,Tamghas,Gulmi,725,2010,2,18.9
234,Tamghas,Gulmi,725,2010,3,25
234,Tamghas,Gulmi,725,2010,4,29.4
234,Tamghas,Gulmi,725,2010,5,27.7
234,Tamghas,Gulmi,725,2010,6,28.8
234,Tamghas,Gulmi,725,2010,7,26
234,Tamghas,Gulmi,725,2010,8,25.6
234,Tamghas,Gulmi,725,2010,9,24.2
234,Tamghas,Gulmi,725,2010,10,23.6
234,Tamghas,Gulmi,725,2010,11,20.1
234,Tamghas,Gulmi,725,2010,12,16.7
234,Tamghas,Gulmi,725,2011,1,14.8
234,Tamghas,Gulmi,725,2011,2,18.7
234,Tamghas,Gulmi,725,2011,3,23.5
234,Tamghas,Gulmi,725,2011,4,25.2
234,Tamghas,Gulmi,725,2011,6,26.7
234,Tamghas,Gulmi,725,2011,7,25.9
234,Tamghas,Gulmi,725,2011,8,26.4
234,Tamghas,Gulmi,725,2011,9,25.9
234,Tamghas,Gulmi,725,2011,10,24.5
234,Tamghas,Gulmi,725,2011,11,19.3
234,Tamghas,Gulmi,725,2011,12,17
234,Tamghas,Gulmi,725,2012,1,14.4
234,Tamghas,Gulmi,725,2012,2,18.4
234,Tamghas,Gulmi,725,2012,3,22.8
234,Tamghas,Gulmi,725,2012,4,26.6
234,Tamghas,Gulmi,725,2012,5,28.4
234,Tamghas,Gulmi,725,2012,6,29.3
234,Tamghas,Gulmi,725,2012,7,25.6
234,Tamghas,Gulmi,725,2012,8,27.4
234,Tamghas,Gulmi,725,2012,9,26
234,Tamghas,Gulmi,725,2012,10,23.7
234,Tamghas,Gulmi,725,2012,11,19.2
234,Tamghas,Gulmi,725,2012,12,16.3
234,Tamghas,Gulmi,725,2013,1,14.7
234,Tamghas,Gulmi,725,2013,2,16.8
234,Tamghas,Gulmi,725,2013,3,23.3
234,Tamghas,Gulmi,725,2013,4,25.9
234,Tamghas,Gulmi,725,2013,5,27.1
234,Tamghas,Gulmi,725,2013,6,26.2
234,Tamghas,Gulmi,725,2013,7,26.7
234,Tamghas,Gulmi,725,2013,8,26.9
234,Tamghas,Gulmi,725,2013,9,27.2
234,Tamghas,Gulmi,725,2013,10,22.9
234,Tamghas,Gulmi,725,2013,11,19.8
234,Tamghas,Gulmi,725,2013,12,16.9
234,Tamghas,Gulmi,725,2014,1,16.4
234,Tamghas,Gulmi,725,2014,2,17.6
234,Tamghas,Gulmi,725,2014,3,22.1
234,Tamghas,Gulmi,725,2014,4,27.8
234,Tamghas,Gulmi,725,2014,5,28.5
234,Tamghas,Gulmi,725,2014,6,28.6
234,Tamghas,Gulmi,725,2014,7,26.8
234,Tamghas,Gulmi,725,2014,8,26
234,Tamghas,Gulmi,725,2014,9,26.1
234,Tamghas,Gulmi,725,2014,10,23.7
234,Tamghas,Gulmi,725,2014,11,20
234,Tamghas,Gulmi,725,2014,12,16.2
234,Tamghas,Gulmi,725,2015,1,16.2
234,Tamghas,Gulmi,725,2015,2,18.3
234,Tamghas,Gulmi,725,2015,3,21.4
234,Tamghas,Gulmi,725,2015,4,23.6
234,Tamghas,Gulmi,725,2015,5,28.7
234,Tamghas,Gulmi,725,2015,9,27.4
234,Tamghas,Gulmi,725,2015,10,26.7
234,Tamghas,Gulmi,725,2015,11,20.9
234,Tamghas,Gulmi,725,2015,12,15.3
234,Tamghas,Gulmi,725,2016,1,15
234,Tamghas,Gulmi,725,2016,2,20.5
234,Tamghas,Gulmi,725,2016,3,26.4
234,Tamghas,Gulmi,725,2016,4,30
234,Tamghas,Gulmi,725,2016,5,27.4
234,Tamghas,Gulmi,725,2016,6,27.3
234,Tamghas,Gulmi,725,2016,7,25.9
234,Tamghas,Gulmi,725,2016,8,28.1
234,Tamghas,Gulmi,725,2016,9,26.9
234,Tamghas,Gulmi,725,2016,10,24.5
234,Tamghas,Gulmi,725,2016,11,20.1
234,Tamghas,Gulmi,725,2016,12,17.9
234,Tamghas,Gulmi,725,2017,1,16.1
234,Tamghas,Gulmi,725,2017,2,19.5
234,Tamghas,Gulmi,725,2017,3,20.5
234,Tamghas,Gulmi,725,2017,4,26.2
234,Tamghas,Gulmi,725,2017,5,27.9
234,Tamghas,Gulmi,725,2017,6,29.7
234,Tamghas,Gulmi,725,2017,7,28.6
234,Tamghas,Gulmi,725,2017,8,27.7
234,Tamghas,Gulmi,725,2017,9,28
234,Tamghas,Gulmi,725,2017,10,25.1
234,Tamghas,Gulmi,725,2017,11,20.5
234,Tamghas,Gulmi,725,2017,12,17.3
234,Tamghas,Gulmi,725,2018,1,15.2
234,Tamghas,Gulmi,725,2018,2,19.9
234,Tamghas,Gulmi,725,2018,3,24.1
234,Tamghas,Gulmi,725,2018,4,24.8
234,Tamghas,Gulmi,725,2018,5,26.2
234,Tamghas,Gulmi,725,2018,6,28.7
234,Tamghas,Gulmi,725,2018,7,27.4
234,Tamghas,Gulmi,725,2018,8,26.4
234,Tamghas,Gulmi,725,2018,9,27.4
234,Tamghas,Gulmi,725,2018,10,24
234,Tamghas,Gulmi,725,2018,11,20.6
234,Tamghas,Gulmi,725,2018,12,15.9
234,Tamghas,Gulmi,725,2019,1,15.5
234,Tamghas,Gulmi,725,2019,2,16.4
234,Tamghas,Gulmi,725,2019,3,20.8
234,Tamghas,Gulmi,725,2019,4,24.7
234,Tamghas,Gulmi,725,2019,5,28.5
234,Tamghas,Gulmi,725,2019,6,28.1
234,Tamghas,Gulmi,725,2019,7,27.1
