gsid,formal_name,district,station_id,year,month,min_temp
194,Butwal,Rupandehi,703,1990,5,24.7
194,Butwal,Rupandehi,703,1990,6,26
194,Butwal,Rupandehi,703,1990,7,24.9
194,Butwal,Rupandehi,703,1990,8,25.2
194,Butwal,Rupandehi,703,1990,9,24.6
194,Butwal,Rupandehi,703,1990,10,20.9
194,Butwal,Rupandehi,703,1990,11,18.1
194,Butwal,Rupandehi,703,1990,12,14
194,Butwal,Rupandehi,703,1991,1,11
194,Butwal,Rupandehi,703,1991,2,14.8
194,Butwal,Rupandehi,703,1991,3,19.5
194,Butwal,Rupandehi,703,1991,4,20.8
194,Butwal,Rupandehi,703,1991,5,25.1
194,Butwal,Rupandehi,703,1991,6,23.2
194,Butwal,Rupandehi,703,1991,7,23.5
194,Butwal,Rupandehi,703,1991,8,23
194,Butwal,Rupandehi,703,1991,9,22.3
194,Butwal,Rupandehi,703,1991,10,19.6
194,Butwal,Rupandehi,703,1991,11,14.7
194,Butwal,Rupandehi,703,1991,12,10.3
194,Butwal,Rupandehi,703,1992,1,10.3
194,Butwal,Rupandehi,703,1992,2,11.5
194,Butwal,Rupandehi,703,1992,3,16.5
194,Butwal,Rupandehi,703,1992,4,22.7
194,Butwal,Rupandehi,703,1992,5,24.9
194,Butwal,Rupandehi,703,1992,6,24.2
194,Butwal,Rupandehi,703,1992,7,23.5
194,Butwal,Rupandehi,703,1992,8,24
194,Butwal,Rupandehi,703,1992,9,22.8
194,Butwal,Rupandehi,703,1992,10,21.4
194,Butwal,Rupandehi,703,1992,11,14.7
194,Butwal,Rupandehi,703,1992,12,11.8
194,Butwal,Rupandehi,703,1993,1,10.1
194,Butwal,Rupandehi,703,1993,2,15
194,Butwal,Rupandehi,703,1993,3,15
194,Butwal,Rupandehi,703,1993,4,21.5
194,Butwal,Rupandehi,703,1993,5,23.7
194,Butwal,Rupandehi,703,1993,6,25.2
194,Butwal,Rupandehi,703,1993,7,25.8
194,Butwal,Rupandehi,703,1993,8,25.4
194,Butwal,Rupandehi,703,1993,9,24
194,Butwal,Rupandehi,703,1993,10,22.7
194,Butwal,Rupandehi,703,1993,11,18.8
194,Butwal,Rupandehi,703,1993,12,15
194,Butwal,Rupandehi,703,1994,1,13.1
194,Butwal,Rupandehi,703,1994,2,13.4
194,Butwal,Rupandehi,703,1994,3,18.7
194,Butwal,Rupandehi,703,1994,7,26.2
194,Butwal,Rupandehi,703,1994,8,25.8
194,Butwal,Rupandehi,703,1994,9,24.6
194,Butwal,Rupandehi,703,1994,10,21.9
194,Butwal,Rupandehi,703,1994,11,18.3
194,Butwal,Rupandehi,703,1994,12,14.3
194,Butwal,Rupandehi,703,1995,1,11.4
194,Butwal,Rupandehi,703,1995,2,14.3
194,Butwal,Rupandehi,703,1995,3,17.5
194,Butwal,Rupandehi,703,1995,4,23.3
194,Butwal,Rupandehi,703,1995,5,27.2
194,Butwal,Rupandehi,703,1995,6,25.9
194,Butwal,Rupandehi,703,1995,7,25.3
194,Butwal,Rupandehi,703,1995,8,25.5
194,Butwal,Rupandehi,703,1995,9,24.7
194,Butwal,Rupandehi,703,1995,10,22.2
194,Butwal,Rupandehi,703,1995,11,18.5
194,Butwal,Rupandehi,703,1995,12,14.1
194,Butwal,Rupandehi,703,1996,1,11.9
194,Butwal,Rupandehi,703,1996,2,14.5
194,Butwal,Rupandehi,703,1996,3,18.9
194,Butwal,Rupandehi,703,1996,4,24.2
194,Butwal,Rupandehi,703,1996,5,26.6
194,Butwal,Rupandehi,703,1996,6,25.2
194,Butwal,Rupandehi,703,1996,7,25
194,Butwal,Rupandehi,703,1996,8,25
194,Butwal,Rupandehi,703,1996,10,22.2
194,Butwal,Rupandehi,703,1996,11,18.3
194,Butwal,Rupandehi,703,1996,12,14
194,Butwal,Rupandehi,703,1997,4,22.3
194,Butwal,Rupandehi,703,1997,5,26
194,Butwal,Rupandehi,703,1997,6,27.1
194,Butwal,Rupandehi,703,1997,7,25.5
194,Butwal,Rupandehi,703,1997,8,25.9
194,Butwal,Rupandehi,703,1997,9,24.3
194,Butwal,Rupandehi,703,1997,10,20
194,Butwal,Rupandehi,703,1997,11,17.6
194,Butwal,Rupandehi,703,1997,12,11.9
194,Butwal,Rupandehi,703,1998,1,10.6
194,Butwal,Rupandehi,703,1998,6,26.6
194,Butwal,Rupandehi,703,1998,10,23
194,Butwal,Rupandehi,703,1998,11,19.5
194,Butwal,Rupandehi,703,1998,12,14.7
194,Butwal,Rupandehi,703,1999,1,11.1
194,Butwal,Rupandehi,703,1999,2,14.9
194,Butwal,Rupandehi,703,1999,3,18.1
194,Butwal,Rupandehi,703,1999,4,25
194,Butwal,Rupandehi,703,1999,5,26.4
194,Butwal,Rupandehi,703,1999,6,25.9
194,Butwal,Rupandehi,703,1999,7,26.2
194,Butwal,Rupandehi,703,1999,8,26.4
194,Butwal,Rupandehi,703,1999,9,22.1
194,Butwal,Rupandehi,703,1999,10,23.5
194,Butwal,Rupandehi,703,1999,12,11.8
194,Butwal,Rupandehi,703,2000,2,11.9
194,Butwal,Rupandehi,703,2000,3,17.7
194,Butwal,Rupandehi,703,2000,4,23.2
194,Butwal,Rupandehi,703,2000,5,23.5
194,Butwal,Rupandehi,703,2000,6,24.5
194,Butwal,Rupandehi,703,2000,7,25.2
194,Butwal,Rupandehi,703,2000,8,25.4
194,Butwal,Rupandehi,703,2000,10,23.5
194,Butwal,Rupandehi,703,2000,11,18.7
194,Butwal,Rupandehi,703,2000,12,14.3
194,Butwal,Rupandehi,703,2001,1,10.5
194,Butwal,Rupandehi,703,2001,2,14.4
194,Butwal,Rupandehi,703,2001,3,20.7
194,Butwal,Rupandehi,703,2001,4,25.1
194,Butwal,Rupandehi,703,2001,5,24.7
194,Butwal,Rupandehi,703,2001,6,24.1
194,Butwal,Rupandehi,703,2001,7,25.4
194,Butwal,Rupandehi,703,2001,8,25
194,Butwal,Rupandehi,703,2001,9,24.1
194,Butwal,Rupandehi,703,2001,10,23.5
194,Butwal,Rupandehi,703,2001,11,19.4
194,Butwal,Rupandehi,703,2001,12,12.8
194,Butwal,Rupandehi,703,2002,1,12.6
194,Butwal,Rupandehi,703,2002,2,14.8
194,Butwal,Rupandehi,703,2002,3,19.4
194,Butwal,Rupandehi,703,2002,4,24
194,Butwal,Rupandehi,703,2002,5,24.8
194,Butwal,Rupandehi,703,2002,6,25.4
194,Butwal,Rupandehi,703,2002,7,25.4
194,Butwal,Rupandehi,703,2002,8,25.2
194,Butwal,Rupandehi,703,2002,9,24.7
194,Butwal,Rupandehi,703,2002,10,22.9
194,Butwal,Rupandehi,703,2002,11,18.3
194,Butwal,Rupandehi,703,2002,12,15.5
194,Butwal,Rupandehi,703,2003,1,11.2
194,Butwal,Rupandehi,703,2003,2,14.5
194,Butwal,Rupandehi,703,2003,3,15.8
194,Butwal,Rupandehi,703,2003,4,23.7
194,Butwal,Rupandehi,703,2003,5,25.5
194,Butwal,Rupandehi,703,2003,6,26.5
194,Butwal,Rupandehi,703,2003,7,25.8
194,Butwal,Rupandehi,703,2003,8,25.4
194,Butwal,Rupandehi,703,2003,9,25.6
194,Butwal,Rupandehi,703,2003,10,22.5
194,Butwal,Rupandehi,703,2003,11,18.4
194,Butwal,Rupandehi,703,2003,12,12
194,Butwal,Rupandehi,703,2004,1,10.5
194,Butwal,Rupandehi,703,2004,2,14.8
194,Butwal,Rupandehi,703,2004,3,26.5
194,Butwal,Rupandehi,703,2004,4,23.9
194,Butwal,Rupandehi,703,2004,5,26.5
194,Butwal,Rupandehi,703,2004,6,25.8
194,Butwal,Rupandehi,703,2004,7,25.7
194,Butwal,Rupandehi,703,2004,8,26
194,Butwal,Rupandehi,703,2004,9,24.9
194,Butwal,Rupandehi,703,2004,10,22.4
194,Butwal,Rupandehi,703,2004,11,17.8
194,Butwal,Rupandehi,703,2004,12,14.2
194,Butwal,Rupandehi,703,2005,1,12
194,Butwal,Rupandehi,703,2005,2,14.7
194,Butwal,Rupandehi,703,2005,3,19.7
194,Butwal,Rupandehi,703,2005,4,23.8
194,Butwal,Rupandehi,703,2005,7,27.5
194,Butwal,Rupandehi,703,2005,8,25.9
194,Butwal,Rupandehi,703,2005,9,25.8
194,Butwal,Rupandehi,703,2005,10,22.1
194,Butwal,Rupandehi,703,2005,11,17.6
194,Butwal,Rupandehi,703,2005,12,14.4
194,Butwal,Rupandehi,703,2006,1,12.3
194,Butwal,Rupandehi,703,2006,2,17.9
194,Butwal,Rupandehi,703,2006,3,18.9
194,Butwal,Rupandehi,703,2006,4,22.8
194,Butwal,Rupandehi,703,2006,5,26
194,Butwal,Rupandehi,703,2006,6,26.3
194,Butwal,Rupandehi,703,2006,7,26.2
194,Butwal,Rupandehi,703,2006,8,26.7
194,Butwal,Rupandehi,703,2006,9,24.8
194,Butwal,Rupandehi,703,2006,10,22
194,Butwal,Rupandehi,703,2006,11,17.7
194,Butwal,Rupandehi,703,2007,2,15.6
194,Butwal,Rupandehi,703,2007,3,17.9
194,Butwal,Rupandehi,703,2007,4,24.2
194,Butwal,Rupandehi,703,2007,5,26.4
194,Butwal,Rupandehi,703,2007,6,27.3
194,Butwal,Rupandehi,703,2007,7,26
194,Butwal,Rupandehi,703,2007,8,26.1
194,Butwal,Rupandehi,703,2007,9,25.1
194,Butwal,Rupandehi,703,2007,10,22.9
194,Butwal,Rupandehi,703,2007,11,18.4
194,Butwal,Rupandehi,703,2007,12,14.1
194,Butwal,Rupandehi,703,2008,1,12.4
194,Butwal,Rupandehi,703,2008,2,13.5
194,Butwal,Rupandehi,703,2008,3,20.2
194,Butwal,Rupandehi,703,2008,4,23.5
194,Butwal,Rupandehi,703,2008,5,25.4
194,Butwal,Rupandehi,703,2008,6,25.2
194,Butwal,Rupandehi,703,2008,7,26.1
194,Butwal,Rupandehi,703,2008,8,25.6
194,Butwal,Rupandehi,703,2008,9,25.2
194,Butwal,Rupandehi,703,2008,10,22.3
194,Butwal,Rupandehi,703,2008,11,19.5
194,Butwal,Rupandehi,703,2008,12,16.2
194,Butwal,Rupandehi,703,2009,1,12.9
194,Butwal,Rupandehi,703,2009,2,14.8
194,Butwal,Rupandehi,703,2009,3,19.6
194,Butwal,Rupandehi,703,2009,4,24.8
194,Butwal,Rupandehi,703,2009,5,24.8
194,Butwal,Rupandehi,703,2009,6,26.9
194,Butwal,Rupandehi,703,2009,7,26.4
194,Butwal,Rupandehi,703,2009,8,26.1
194,Butwal,Rupandehi,703,2009,9,25.8
194,Butwal,Rupandehi,703,2009,10,22.4
194,Butwal,Rupandehi,703,2009,11,18.6
194,Butwal,Rupandehi,703,2009,12,14
194,Butwal,Rupandehi,703,2010,1,10.2
194,Butwal,Rupandehi,703,2010,2,14
194,Butwal,Rupandehi,703,2010,3,19
194,Butwal,Rupandehi,703,2010,4,25.3
194,Butwal,Rupandehi,703,2010,5,24.8
194,Butwal,Rupandehi,703,2010,6,26.9
194,Butwal,Rupandehi,703,2010,7,26.3
194,Butwal,Rupandehi,703,2010,8,25.8
194,Butwal,Rupandehi,703,2010,9,24.7
194,Butwal,Rupandehi,703,2010,10,23.8
194,Butwal,Rupandehi,703,2010,11,20.7
194,Butwal,Rupandehi,703,2010,12,14.7
194,Butwal,Rupandehi,703,2011,1,10
194,Butwal,Rupandehi,703,2011,2,13.5
194,Butwal,Rupandehi,703,2011,3,15.2
194,Butwal,Rupandehi,703,2011,4,19.3
194,Butwal,Rupandehi,703,2011,5,20.1
194,Butwal,Rupandehi,703,2011,6,18.7
194,Butwal,Rupandehi,703,2011,7,18.4
194,Butwal,Rupandehi,703,2011,8,19.4
194,Butwal,Rupandehi,703,2011,9,18.8
194,Butwal,Rupandehi,703,2011,10,17.9
194,Butwal,Rupandehi,703,2011,11,16.7
194,Butwal,Rupandehi,703,2011,12,12.9
194,Butwal,Rupandehi,703,2012,1,11.1
194,Butwal,Rupandehi,703,2012,2,16.9
194,Butwal,Rupandehi,703,2012,3,18.1
194,Butwal,Rupandehi,703,2012,4,21.3
194,Butwal,Rupandehi,703,2012,5,22
194,Butwal,Rupandehi,703,2012,6,21.4
194,Butwal,Rupandehi,703,2012,7,22.7
194,Butwal,Rupandehi,703,2012,8,22.1
194,Butwal,Rupandehi,703,2012,9,20.3
194,Butwal,Rupandehi,703,2012,10,19.8
194,Butwal,Rupandehi,703,2012,11,17.5
194,Butwal,Rupandehi,703,2012,12,12
194,Butwal,Rupandehi,703,2013,1,8.8
194,Butwal,Rupandehi,703,2014,1,9.6
194,Butwal,Rupandehi,703,2014,2,11.2
194,Butwal,Rupandehi,703,2014,3,17.4
194,Butwal,Rupandehi,703,2014,4,21.1
194,Butwal,Rupandehi,703,2014,5,24.7
194,Butwal,Rupandehi,703,2014,6,25.3
194,Butwal,Rupandehi,703,2014,7,24.6
194,Butwal,Rupandehi,703,2014,8,24.5
194,Butwal,Rupandehi,703,2014,9,24.9
194,Butwal,Rupandehi,703,2014,10,22.7
194,Butwal,Rupandehi,703,2014,11,18.3
194,Butwal,Rupandehi,703,2014,12,11.4
194,Butwal,Rupandehi,703,2015,1,10.2
194,Butwal,Rupandehi,703,2015,2,14.1
194,Butwal,Rupandehi,703,2015,3,17.3
194,Butwal,Rupandehi,703,2015,4,20.3
194,Butwal,Rupandehi,703,2015,5,24.6
194,Butwal,Rupandehi,703,2015,6,25.7
194,Butwal,Rupandehi,703,2015,7,25.5
194,Butwal,Rupandehi,703,2015,8,24.5
194,Butwal,Rupandehi,703,2015,9,24.4
194,Butwal,Rupandehi,703,2015,10,21.2
194,Butwal,Rupandehi,703,2015,11,17.6
194,Butwal,Rupandehi,703,2015,12,11.9
194,Butwal,Rupandehi,703,2016,1,10.3
194,Butwal,Rupandehi,703,2016,2,12.9
194,Butwal,Rupandehi,703,2016,3,18.4
194,Butwal,Rupandehi,703,2016,4,23
194,Butwal,Rupandehi,703,2016,5,22.1
194,Butwal,Rupandehi,703,2016,6,21.7
194,Butwal,Rupandehi,703,2016,7,21.1
194,Butwal,Rupandehi,703,2016,8,24.7
194,Butwal,Rupandehi,703,2016,9,23.4
194,Butwal,Rupandehi,703,2016,10,21.2
194,Butwal,Rupandehi,703,2016,11,17.3
194,Butwal,Rupandehi,703,2016,12,11
194,Butwal,Rupandehi,703,2017,1,9.2
194,Butwal,Rupandehi,703,2017,2,11.8
194,Butwal,Rupandehi,703,2017,3,16.7
194,Butwal,Rupandehi,703,2017,4,22.2
194,Butwal,Rupandehi,703,2017,5,24
194,Butwal,Rupandehi,703,2017,6,24.7
194,Butwal,Rupandehi,703,2017,7,24.9
194,Butwal,Rupandehi,703,2017,8,24.2
194,Butwal,Rupandehi,703,2017,9,23.7
194,Butwal,Rupandehi,703,2017,10,21.8
194,Butwal,Rupandehi,703,2017,11,16.7
194,Butwal,Rupandehi,703,2017,12,11.4
8,Dadeldhura,Dadeldhura,104,1990,1,8.1
8,Dadeldhura,Dadeldhura,104,1990,2,4.5
8,Dadeldhura,Dadeldhura,104,1990,3,5.8
8,Dadeldhura,Dadeldhura,104,1990,4,11.9
8,Dadeldhura,Dadeldhura,104,1990,5,13.8
8,Dadeldhura,Dadeldhura,104,1990,6,17.1
8,Dadeldhura,Dadeldhura,104,1990,7,17.3
8,Dadeldhura,Dadeldhura,104,1990,8,17.2
8,Dadeldhura,Dadeldhura,104,1990,9,16.5
8,Dadeldhura,Dadeldhura,104,1990,10,11.8
8,Dadeldhura,Dadeldhura,104,1990,11,9.5
8,Dadeldhura,Dadeldhura,104,1990,12,6.5
8,Dadeldhura,Dadeldhura,104,1991,1,3.6
8,Dadeldhura,Dadeldhura,104,1991,2,6.4
8,Dadeldhura,Dadeldhura,104,1991,3,9.2
8,Dadeldhura,Dadeldhura,104,1991,4,12.4
8,Dadeldhura,Dadeldhura,104,1991,5,16.3
8,Dadeldhura,Dadeldhura,104,1991,6,16.8
8,Dadeldhura,Dadeldhura,104,1991,7,17.9
8,Dadeldhura,Dadeldhura,104,1991,8,17.3
8,Dadeldhura,Dadeldhura,104,1991,9,16.2
8,Dadeldhura,Dadeldhura,104,1991,10,12.6
8,Dadeldhura,Dadeldhura,104,1991,11,6.7
8,Dadeldhura,Dadeldhura,104,1991,12,4.9
8,Dadeldhura,Dadeldhura,104,1992,1,5.1
8,Dadeldhura,Dadeldhura,104,1992,2,4.1
8,Dadeldhura,Dadeldhura,104,1992,3,10.2
8,Dadeldhura,Dadeldhura,104,1992,4,14.4
8,Dadeldhura,Dadeldhura,104,1992,5,14
8,Dadeldhura,Dadeldhura,104,1992,6,16.2
8,Dadeldhura,Dadeldhura,104,1992,7,16.7
8,Dadeldhura,Dadeldhura,104,1992,8,16.9
8,Dadeldhura,Dadeldhura,104,1992,9,16
8,Dadeldhura,Dadeldhura,104,1992,10,11.2
8,Dadeldhura,Dadeldhura,104,1992,11,8.2
8,Dadeldhura,Dadeldhura,104,1992,12,6.2
8,Dadeldhura,Dadeldhura,104,1993,1,4.1
8,Dadeldhura,Dadeldhura,104,1993,2,6.3
8,Dadeldhura,Dadeldhura,104,1993,3,6.1
8,Dadeldhura,Dadeldhura,104,1993,4,12.2
8,Dadeldhura,Dadeldhura,104,1993,5,14.1
8,Dadeldhura,Dadeldhura,104,1993,6,16.1
8,Dadeldhura,Dadeldhura,104,1993,7,17.3
8,Dadeldhura,Dadeldhura,104,1993,8,17.2
8,Dadeldhura,Dadeldhura,104,1993,9,15.2
8,Dadeldhura,Dadeldhura,104,1993,10,12
8,Dadeldhura,Dadeldhura,104,1993,11,8.1
8,Dadeldhura,Dadeldhura,104,1993,12,5.3
8,Dadeldhura,Dadeldhura,104,1994,1,5
8,Dadeldhura,Dadeldhura,104,1994,2,3.3
8,Dadeldhura,Dadeldhura,104,1994,3,9.9
8,Dadeldhura,Dadeldhura,104,1994,4,10.2
8,Dadeldhura,Dadeldhura,104,1994,5,14.2
8,Dadeldhura,Dadeldhura,104,1994,6,17.1
8,Dadeldhura,Dadeldhura,104,1994,7,17.7
8,Dadeldhura,Dadeldhura,104,1994,8,17.2
8,Dadeldhura,Dadeldhura,104,1994,9,15.8
8,Dadeldhura,Dadeldhura,104,1994,10,11.1
8,Dadeldhura,Dadeldhura,104,1994,11,7.5
8,Dadeldhura,Dadeldhura,104,1994,12,4.6
8,Dadeldhura,Dadeldhura,104,1995,1,1.5
8,Dadeldhura,Dadeldhura,104,1995,2,3.9
8,Dadeldhura,Dadeldhura,104,1995,3,7.7
8,Dadeldhura,Dadeldhura,104,1995,4,11.3
8,Dadeldhura,Dadeldhura,104,1995,5,16.3
8,Dadeldhura,Dadeldhura,104,1995,6,17.8
8,Dadeldhura,Dadeldhura,104,1995,7,17.5
8,Dadeldhura,Dadeldhura,104,1995,8,16.9
8,Dadeldhura,Dadeldhura,104,1995,9,15.6
8,Dadeldhura,Dadeldhura,104,1995,10,12.1
8,Dadeldhura,Dadeldhura,104,1995,11,7.7
8,Dadeldhura,Dadeldhura,104,1995,12,4.9
8,Dadeldhura,Dadeldhura,104,1996,1,3.4
8,Dadeldhura,Dadeldhura,104,1996,2,4.8
8,Dadeldhura,Dadeldhura,104,1996,3,9.2
8,Dadeldhura,Dadeldhura,104,1996,4,11.9
8,Dadeldhura,Dadeldhura,104,1996,5,15.2
8,Dadeldhura,Dadeldhura,104,1996,6,16.2
8,Dadeldhura,Dadeldhura,104,1996,7,16.7
8,Dadeldhura,Dadeldhura,104,1996,8,16.6
8,Dadeldhura,Dadeldhura,104,1996,9,15.3
8,Dadeldhura,Dadeldhura,104,1996,10,11.3
8,Dadeldhura,Dadeldhura,104,1996,11,7.5
8,Dadeldhura,Dadeldhura,104,1996,12,4.2
8,Dadeldhura,Dadeldhura,104,1997,1,2
8,Dadeldhura,Dadeldhura,104,1997,2,2.9
8,Dadeldhura,Dadeldhura,104,1997,3,7.7
8,Dadeldhura,Dadeldhura,104,1997,4,9
8,Dadeldhura,Dadeldhura,104,1997,5,12.2
8,Dadeldhura,Dadeldhura,104,1997,6,15
8,Dadeldhura,Dadeldhura,104,1997,7,16.9
8,Dadeldhura,Dadeldhura,104,1997,8,16.4
8,Dadeldhura,Dadeldhura,104,1997,9,14.7
8,Dadeldhura,Dadeldhura,104,1997,10,9
8,Dadeldhura,Dadeldhura,104,1997,11,6.6
8,Dadeldhura,Dadeldhura,104,1997,12,2.9
8,Dadeldhura,Dadeldhura,104,1998,1,3
8,Dadeldhura,Dadeldhura,104,1998,2,4.1
8,Dadeldhura,Dadeldhura,104,1998,3,5.6
8,Dadeldhura,Dadeldhura,104,1998,4,11.2
8,Dadeldhura,Dadeldhura,104,1998,5,14.8
8,Dadeldhura,Dadeldhura,104,1998,6,17.1
8,Dadeldhura,Dadeldhura,104,1998,7,17
8,Dadeldhura,Dadeldhura,104,1998,8,16.7
8,Dadeldhura,Dadeldhura,104,1998,9,15.3
8,Dadeldhura,Dadeldhura,104,1998,10,12
8,Dadeldhura,Dadeldhura,104,1998,11,8.1
8,Dadeldhura,Dadeldhura,104,1998,12,5.6
8,Dadeldhura,Dadeldhura,104,1999,1,3.5
8,Dadeldhura,Dadeldhura,104,1999,2,7.6
8,Dadeldhura,Dadeldhura,104,1999,3,9.4
8,Dadeldhura,Dadeldhura,104,1999,4,14.6
8,Dadeldhura,Dadeldhura,104,1999,5,15.1
8,Dadeldhura,Dadeldhura,104,1999,6,16.1
8,Dadeldhura,Dadeldhura,104,1999,7,17
8,Dadeldhura,Dadeldhura,104,1999,8,16.8
8,Dadeldhura,Dadeldhura,104,1999,9,15.7
8,Dadeldhura,Dadeldhura,104,1999,10,11.3
8,Dadeldhura,Dadeldhura,104,1999,11,7.8
8,Dadeldhura,Dadeldhura,104,1999,12,4.6
8,Dadeldhura,Dadeldhura,104,2000,1,3.6
8,Dadeldhura,Dadeldhura,104,2000,2,2.5
8,Dadeldhura,Dadeldhura,104,2000,3,6.6
8,Dadeldhura,Dadeldhura,104,2000,4,12.7
8,Dadeldhura,Dadeldhura,104,2000,5,15.2
8,Dadeldhura,Dadeldhura,104,2000,6,16.3
8,Dadeldhura,Dadeldhura,104,2000,7,17
8,Dadeldhura,Dadeldhura,104,2000,8,16.9
8,Dadeldhura,Dadeldhura,104,2000,9,14.9
8,Dadeldhura,Dadeldhura,104,2000,10,11.8
8,Dadeldhura,Dadeldhura,104,2000,11,8
8,Dadeldhura,Dadeldhura,104,2000,12,4.7
8,Dadeldhura,Dadeldhura,104,2001,1,3.9
8,Dadeldhura,Dadeldhura,104,2001,2,5.7
8,Dadeldhura,Dadeldhura,104,2001,3,7.5
8,Dadeldhura,Dadeldhura,104,2001,4,12
8,Dadeldhura,Dadeldhura,104,2001,5,14
8,Dadeldhura,Dadeldhura,104,2001,6,16.1
8,Dadeldhura,Dadeldhura,104,2001,7,17.7
8,Dadeldhura,Dadeldhura,104,2001,8,17.2
8,Dadeldhura,Dadeldhura,104,2001,9,15.4
8,Dadeldhura,Dadeldhura,104,2001,10,12.3
8,Dadeldhura,Dadeldhura,104,2001,11,8
8,Dadeldhura,Dadeldhura,104,2001,12,5
8,Dadeldhura,Dadeldhura,104,2002,1,2.6
8,Dadeldhura,Dadeldhura,104,2002,2,4.7
8,Dadeldhura,Dadeldhura,104,2002,3,8.8
8,Dadeldhura,Dadeldhura,104,2002,4,11.5
8,Dadeldhura,Dadeldhura,104,2002,5,14.4
8,Dadeldhura,Dadeldhura,104,2002,6,16.4
8,Dadeldhura,Dadeldhura,104,2002,7,17.8
8,Dadeldhura,Dadeldhura,104,2002,8,17.2
8,Dadeldhura,Dadeldhura,104,2002,9,14.2
8,Dadeldhura,Dadeldhura,104,2002,10,11.2
8,Dadeldhura,Dadeldhura,104,2002,11,7.9
8,Dadeldhura,Dadeldhura,104,2002,12,5.2
8,Dadeldhura,Dadeldhura,104,2003,1,4.2
8,Dadeldhura,Dadeldhura,104,2003,2,4.4
8,Dadeldhura,Dadeldhura,104,2003,3,7.7
8,Dadeldhura,Dadeldhura,104,2003,4,12.7
8,Dadeldhura,Dadeldhura,104,2003,5,14.1
8,Dadeldhura,Dadeldhura,104,2003,6,16.9
8,Dadeldhura,Dadeldhura,104,2003,7,17.2
8,Dadeldhura,Dadeldhura,104,2003,8,17.4
8,Dadeldhura,Dadeldhura,104,2003,9,15.5
8,Dadeldhura,Dadeldhura,104,2003,10,11.4
8,Dadeldhura,Dadeldhura,104,2003,11,7.3
8,Dadeldhura,Dadeldhura,104,2003,12,4.4
8,Dadeldhura,Dadeldhura,104,2004,1,3
8,Dadeldhura,Dadeldhura,104,2004,2,5.6
8,Dadeldhura,Dadeldhura,104,2004,3,11.1
8,Dadeldhura,Dadeldhura,104,2004,4,12.4
8,Dadeldhura,Dadeldhura,104,2004,5,15
8,Dadeldhura,Dadeldhura,104,2004,6,15.5
8,Dadeldhura,Dadeldhura,104,2004,7,16.8
8,Dadeldhura,Dadeldhura,104,2004,8,16.9
8,Dadeldhura,Dadeldhura,104,2004,9,15.5
8,Dadeldhura,Dadeldhura,104,2004,10,10.2
8,Dadeldhura,Dadeldhura,104,2004,11,7.3
8,Dadeldhura,Dadeldhura,104,2004,12,5.8
8,Dadeldhura,Dadeldhura,104,2005,1,2.9
8,Dadeldhura,Dadeldhura,104,2005,2,4.7
8,Dadeldhura,Dadeldhura,104,2005,3,9
8,Dadeldhura,Dadeldhura,104,2005,4,11.7
8,Dadeldhura,Dadeldhura,104,2005,5,14
8,Dadeldhura,Dadeldhura,104,2005,6,17.6
8,Dadeldhura,Dadeldhura,104,2005,7,17.3
8,Dadeldhura,Dadeldhura,104,2005,8,17.2
8,Dadeldhura,Dadeldhura,104,2005,9,15.7
8,Dadeldhura,Dadeldhura,104,2005,10,11.6
8,Dadeldhura,Dadeldhura,104,2005,11,7.1
8,Dadeldhura,Dadeldhura,104,2005,12,4.4
8,Dadeldhura,Dadeldhura,104,2006,1,6.1
8,Dadeldhura,Dadeldhura,104,2006,2,9.4
8,Dadeldhura,Dadeldhura,104,2006,3,8.2
8,Dadeldhura,Dadeldhura,104,2006,4,11.5
8,Dadeldhura,Dadeldhura,104,2006,5,14.9
8,Dadeldhura,Dadeldhura,104,2006,6,16.4
8,Dadeldhura,Dadeldhura,104,2006,7,17.7
8,Dadeldhura,Dadeldhura,104,2006,8,16.9
8,Dadeldhura,Dadeldhura,104,2006,9,15.5
8,Dadeldhura,Dadeldhura,104,2006,10,11.8
8,Dadeldhura,Dadeldhura,104,2006,11,8
8,Dadeldhura,Dadeldhura,104,2006,12,5.8
8,Dadeldhura,Dadeldhura,104,2007,1,4.1
8,Dadeldhura,Dadeldhura,104,2007,2,4.6
8,Dadeldhura,Dadeldhura,104,2007,3,7.9
8,Dadeldhura,Dadeldhura,104,2007,4,13.4
8,Dadeldhura,Dadeldhura,104,2007,5,14.3
8,Dadeldhura,Dadeldhura,104,2007,6,17
8,Dadeldhura,Dadeldhura,104,2007,7,17.7
8,Dadeldhura,Dadeldhura,104,2007,8,17.8
8,Dadeldhura,Dadeldhura,104,2007,9,15.5
8,Dadeldhura,Dadeldhura,104,2007,10,11.8
8,Dadeldhura,Dadeldhura,104,2007,11,7.5
8,Dadeldhura,Dadeldhura,104,2007,12,5.4
8,Dadeldhura,Dadeldhura,104,2008,1,3.5
8,Dadeldhura,Dadeldhura,104,2008,2,3.7
8,Dadeldhura,Dadeldhura,104,2008,3,9.2
8,Dadeldhura,Dadeldhura,104,2008,4,12.1
8,Dadeldhura,Dadeldhura,104,2008,5,13.5
8,Dadeldhura,Dadeldhura,104,2008,6,16.7
8,Dadeldhura,Dadeldhura,104,2008,7,17.3
8,Dadeldhura,Dadeldhura,104,2008,8,17
8,Dadeldhura,Dadeldhura,104,2008,9,14.4
8,Dadeldhura,Dadeldhura,104,2008,10,11.4
8,Dadeldhura,Dadeldhura,104,2008,11,7.9
8,Dadeldhura,Dadeldhura,104,2008,12,7.3
8,Dadeldhura,Dadeldhura,104,2009,1,6.8
8,Dadeldhura,Dadeldhura,104,2009,2,6.6
8,Dadeldhura,Dadeldhura,104,2009,3,8.8
8,Dadeldhura,Dadeldhura,104,2009,4,13
8,Dadeldhura,Dadeldhura,104,2009,5,13.4
8,Dadeldhura,Dadeldhura,104,2009,6,16.7
8,Dadeldhura,Dadeldhura,104,2009,7,17.6
8,Dadeldhura,Dadeldhura,104,2009,8,17.4
8,Dadeldhura,Dadeldhura,104,2009,9,15.6
8,Dadeldhura,Dadeldhura,104,2009,10,10.9
8,Dadeldhura,Dadeldhura,104,2009,11,7.5
8,Dadeldhura,Dadeldhura,104,2009,12,5.1
8,Dadeldhura,Dadeldhura,104,2010,1,4.9
8,Dadeldhura,Dadeldhura,104,2010,2,5.2
8,Dadeldhura,Dadeldhura,104,2010,3,11.1
8,Dadeldhura,Dadeldhura,104,2010,4,14.7
8,Dadeldhura,Dadeldhura,104,2010,5,15
8,Dadeldhura,Dadeldhura,104,2010,6,16.1
8,Dadeldhura,Dadeldhura,104,2010,7,17.7
8,Dadeldhura,Dadeldhura,104,2010,8,17.8
8,Dadeldhura,Dadeldhura,104,2010,9,16.1
8,Dadeldhura,Dadeldhura,104,2010,10,12.4
8,Dadeldhura,Dadeldhura,104,2010,11,9.8
8,Dadeldhura,Dadeldhura,104,2011,1,3
8,Dadeldhura,Dadeldhura,104,2011,2,5.2
8,Dadeldhura,Dadeldhura,104,2011,3,9
8,Dadeldhura,Dadeldhura,104,2011,4,11
8,Dadeldhura,Dadeldhura,104,2011,5,14.1
8,Dadeldhura,Dadeldhura,104,2011,6,15.5
8,Dadeldhura,Dadeldhura,104,2011,7,17.2
8,Dadeldhura,Dadeldhura,104,2011,8,17
8,Dadeldhura,Dadeldhura,104,2011,9,15.8
8,Dadeldhura,Dadeldhura,104,2011,10,11.2
8,Dadeldhura,Dadeldhura,104,2011,11,7.5
8,Dadeldhura,Dadeldhura,104,2011,12,5.2
8,Dadeldhura,Dadeldhura,104,2012,1,2.1
8,Dadeldhura,Dadeldhura,104,2012,2,5
8,Dadeldhura,Dadeldhura,104,2012,3,8.1
8,Dadeldhura,Dadeldhura,104,2012,4,11.2
8,Dadeldhura,Dadeldhura,104,2012,5,15
8,Dadeldhura,Dadeldhura,104,2012,6,18.2
8,Dadeldhura,Dadeldhura,104,2012,7,17.9
8,Dadeldhura,Dadeldhura,104,2012,8,17.3
8,Dadeldhura,Dadeldhura,104,2012,9,16.3
8,Dadeldhura,Dadeldhura,104,2012,10,10.8
8,Dadeldhura,Dadeldhura,104,2012,11,6.6
8,Dadeldhura,Dadeldhura,104,2012,12,5.2
8,Dadeldhura,Dadeldhura,104,2013,1,2.9
8,Dadeldhura,Dadeldhura,104,2013,2,5.1
8,Dadeldhura,Dadeldhura,104,2013,3,9.6
8,Dadeldhura,Dadeldhura,104,2013,4,11.8
8,Dadeldhura,Dadeldhura,104,2013,5,15.4
8,Dadeldhura,Dadeldhura,104,2013,6,17.1
8,Dadeldhura,Dadeldhura,104,2013,7,17.8
8,Dadeldhura,Dadeldhura,104,2013,8,17.1
8,Dadeldhura,Dadeldhura,104,2013,9,15.8
8,Dadeldhura,Dadeldhura,104,2013,10,12.6
8,Dadeldhura,Dadeldhura,104,2013,11,7.4
8,Dadeldhura,Dadeldhura,104,2013,12,4.1
8,Dadeldhura,Dadeldhura,104,2014,1,4
8,Dadeldhura,Dadeldhura,104,2014,2,4.3
8,Dadeldhura,Dadeldhura,104,2014,3,7.7
8,Dadeldhura,Dadeldhura,104,2014,4,11.9
8,Dadeldhura,Dadeldhura,104,2014,5,14.7
8,Dadeldhura,Dadeldhura,104,2014,6,17.8
8,Dadeldhura,Dadeldhura,104,2014,7,17.7
8,Dadeldhura,Dadeldhura,104,2014,8,17.7
8,Dadeldhura,Dadeldhura,104,2014,9,16
8,Dadeldhura,Dadeldhura,104,2014,10,11.8
8,Dadeldhura,Dadeldhura,104,2014,11,8.6
8,Dadeldhura,Dadeldhura,104,2014,12,5.2
8,Dadeldhura,Dadeldhura,104,2015,1,3.9
8,Dadeldhura,Dadeldhura,104,2015,2,6.2
8,Dadeldhura,Dadeldhura,104,2015,3,8.2
8,Dadeldhura,Dadeldhura,104,2015,4,11.2
8,Dadeldhura,Dadeldhura,104,2015,5,15.3
8,Dadeldhura,Dadeldhura,104,2015,6,16.8
8,Dadeldhura,Dadeldhura,104,2015,7,17.4
8,Dadeldhura,Dadeldhura,104,2015,8,17.5
8,Dadeldhura,Dadeldhura,104,2015,9,16.2
8,Dadeldhura,Dadeldhura,104,2015,10,12.7
8,Dadeldhura,Dadeldhura,104,2015,11,9.3
8,Dadeldhura,Dadeldhura,104,2015,12,5.1
8,Dadeldhura,Dadeldhura,104,2016,1,4.2
8,Dadeldhura,Dadeldhura,104,2016,2,7
8,Dadeldhura,Dadeldhura,104,2016,3,10.3
8,Dadeldhura,Dadeldhura,104,2016,4,14.6
8,Dadeldhura,Dadeldhura,104,2016,5,14.8
8,Dadeldhura,Dadeldhura,104,2016,6,17.2
8,Dadeldhura,Dadeldhura,104,2016,7,17.9
8,Dadeldhura,Dadeldhura,104,2016,8,17.8
8,Dadeldhura,Dadeldhura,104,2016,9,16.2
8,Dadeldhura,Dadeldhura,104,2016,10,12.9
8,Dadeldhura,Dadeldhura,104,2016,11,9.1
8,Dadeldhura,Dadeldhura,104,2016,12,6.8
8,Dadeldhura,Dadeldhura,104,2017,1,4.3
8,Dadeldhura,Dadeldhura,104,2017,2,7.1
8,Dadeldhura,Dadeldhura,104,2017,3,8.4
8,Dadeldhura,Dadeldhura,104,2017,4,13.1
8,Dadeldhura,Dadeldhura,104,2017,5,14.3
8,Dadeldhura,Dadeldhura,104,2017,6,16.6
8,Dadeldhura,Dadeldhura,104,2017,7,17.6
8,Dadeldhura,Dadeldhura,104,2017,8,18
8,Dadeldhura,Dadeldhura,104,2017,9,16.5
8,Dadeldhura,Dadeldhura,104,2017,10,13.3
8,Dadeldhura,Dadeldhura,104,2017,11,8.6
8,Dadeldhura,Dadeldhura,104,2017,12,7
8,Dadeldhura,Dadeldhura,104,2018,1,4.7
8,Dadeldhura,Dadeldhura,104,2018,2,6.7
8,Dadeldhura,Dadeldhura,104,2018,3,9.7
8,Dadeldhura,Dadeldhura,104,2018,4,12.4
8,Dadeldhura,Dadeldhura,104,2018,5,14.6
8,Dadeldhura,Dadeldhura,104,2018,6,17.1
8,Dadeldhura,Dadeldhura,104,2018,7,18.1
8,Dadeldhura,Dadeldhura,104,2018,8,17.7
8,Dadeldhura,Dadeldhura,104,2018,9,16.2
8,Dadeldhura,Dadeldhura,104,2018,10,10.8
8,Dadeldhura,Dadeldhura,104,2018,11,7.8
8,Dadeldhura,Dadeldhura,104,2018,12,3.6
8,Dadeldhura,Dadeldhura,104,2019,1,2.8
8,Dadeldhura,Dadeldhura,104,2019,2,4.5
8,Dadeldhura,Dadeldhura,104,2019,3,7.8
8,Dadeldhura,Dadeldhura,104,2019,4,12.7
8,Dadeldhura,Dadeldhura,104,2019,5,15.3
8,Dadeldhura,Dadeldhura,104,2019,6,16.9
8,Dadeldhura,Dadeldhura,104,2019,7,17.6
8,Dadeldhura,Dadeldhura,104,2019,8,17.9
8,Dadeldhura,Dadeldhura,104,2019,9,16.4
8,Dadeldhura,Dadeldhura,104,2019,10,12.2
8,Dadeldhura,Dadeldhura,104,2019,11,9.8
8,Dadeldhura,Dadeldhura,104,2019,12,3.9
138,Jomsom,Mustang,601,1990,1,-0.7
138,Jomsom,Mustang,601,1990,2,-1.4
138,Jomsom,Mustang,601,1990,3,0.1
138,Jomsom,Mustang,601,1990,4,2.9
138,Jomsom,Mustang,601,1990,5,7.5
138,Jomsom,Mustang,601,1990,6,12.7
138,Jomsom,Mustang,601,1990,7,14.3
138,Jomsom,Mustang,601,1990,8,13.5
138,Jomsom,Mustang,601,1990,9,11.1
138,Jomsom,Mustang,601,1990,10,5.5
138,Jomsom,Mustang,601,1990,11,0.7
138,Jomsom,Mustang,601,1990,12,-2.5
138,Jomsom,Mustang,601,1991,1,-2.7
138,Jomsom,Mustang,601,1991,2,-1.5
138,Jomsom,Mustang,601,1991,3,1.3
138,Jomsom,Mustang,601,1991,4,2.8
138,Jomsom,Mustang,601,1991,5,6.7
138,Jomsom,Mustang,601,1991,6,12.6
138,Jomsom,Mustang,601,1991,7,14.5
138,Jomsom,Mustang,601,1992,1,-3
138,Jomsom,Mustang,601,1992,2,-2.6
138,Jomsom,Mustang,601,1992,3,2.3
138,Jomsom,Mustang,601,1992,4,2.5
138,Jomsom,Mustang,601,1992,5,4.9
138,Jomsom,Mustang,601,1992,6,10.6
138,Jomsom,Mustang,601,1992,7,12.6
138,Jomsom,Mustang,601,1992,8,13.2
138,Jomsom,Mustang,601,1992,9,10.3
138,Jomsom,Mustang,601,1992,10,6.2
138,Jomsom,Mustang,601,1992,11,0.5
138,Jomsom,Mustang,601,1992,12,-0.7
138,Jomsom,Mustang,601,1993,1,-1
138,Jomsom,Mustang,601,1993,2,-1.6
138,Jomsom,Mustang,601,1993,3,-1
138,Jomsom,Mustang,601,1993,4,3
138,Jomsom,Mustang,601,1993,5,6.2
138,Jomsom,Mustang,601,1993,6,11.7
138,Jomsom,Mustang,601,1993,7,13.9
138,Jomsom,Mustang,601,1993,8,13.9
138,Jomsom,Mustang,601,1993,9,10.3
138,Jomsom,Mustang,601,1993,10,5
138,Jomsom,Mustang,601,1993,11,1.6
138,Jomsom,Mustang,601,1993,12,-2.1
138,Jomsom,Mustang,601,1994,1,-1.8
138,Jomsom,Mustang,601,1994,2,-2.8
138,Jomsom,Mustang,601,1994,3,1.5
138,Jomsom,Mustang,601,1994,4,2.4
138,Jomsom,Mustang,601,1994,5,6.1
138,Jomsom,Mustang,601,1994,6,11.9
138,Jomsom,Mustang,601,1994,7,14
138,Jomsom,Mustang,601,1994,8,14
138,Jomsom,Mustang,601,1994,9,11.8
138,Jomsom,Mustang,601,1994,10,5.5
138,Jomsom,Mustang,601,1994,11,0.7
138,Jomsom,Mustang,601,1994,12,-0.9
138,Jomsom,Mustang,601,1995,1,-3.4
138,Jomsom,Mustang,601,1995,2,-0.1
138,Jomsom,Mustang,601,1995,3,2.3
138,Jomsom,Mustang,601,1995,4,3.9
138,Jomsom,Mustang,601,1995,5,9.1
138,Jomsom,Mustang,601,1995,6,14.1
138,Jomsom,Mustang,601,1995,7,14.2
138,Jomsom,Mustang,601,1995,8,14
138,Jomsom,Mustang,601,1995,9,11.7
138,Jomsom,Mustang,601,1995,10,6.8
138,Jomsom,Mustang,601,1995,11,2.4
138,Jomsom,Mustang,601,1995,12,-0.3
138,Jomsom,Mustang,601,1996,1,-1.3
138,Jomsom,Mustang,601,1996,2,-0.3
138,Jomsom,Mustang,601,1996,3,3.5
138,Jomsom,Mustang,601,1996,4,4.5
138,Jomsom,Mustang,601,1996,5,7.8
138,Jomsom,Mustang,601,1996,6,12.2
138,Jomsom,Mustang,601,1996,7,14.6
138,Jomsom,Mustang,601,1996,8,13.7
138,Jomsom,Mustang,601,1996,9,11.6
138,Jomsom,Mustang,601,1996,10,6.1
138,Jomsom,Mustang,601,1996,11,2.5
138,Jomsom,Mustang,601,1996,12,-0.5
138,Jomsom,Mustang,601,1997,4,3.6
138,Jomsom,Mustang,601,1997,5,7.5
138,Jomsom,Mustang,601,1997,6,11.3
138,Jomsom,Mustang,601,1997,7,14.5
138,Jomsom,Mustang,601,1997,8,13.4
138,Jomsom,Mustang,601,1997,9,11.8
138,Jomsom,Mustang,601,1997,10,2.7
138,Jomsom,Mustang,601,1997,11,1.9
138,Jomsom,Mustang,601,1997,12,-2.9
138,Jomsom,Mustang,601,1998,1,-1.5
138,Jomsom,Mustang,601,1998,2,1
138,Jomsom,Mustang,601,1998,3,2
138,Jomsom,Mustang,601,1998,4,5.8
138,Jomsom,Mustang,601,1998,5,9.8
138,Jomsom,Mustang,601,1998,6,12.5
138,Jomsom,Mustang,601,1998,7,14.5
138,Jomsom,Mustang,601,1998,8,14.8
138,Jomsom,Mustang,601,1998,9,12.5
138,Jomsom,Mustang,601,1998,10,7.9
138,Jomsom,Mustang,601,1998,11,3.5
138,Jomsom,Mustang,601,1998,12,0.2
138,Jomsom,Mustang,601,1999,1,-1.9
138,Jomsom,Mustang,601,1999,2,2.2
138,Jomsom,Mustang,601,1999,3,3.5
138,Jomsom,Mustang,601,1999,4,6.4
138,Jomsom,Mustang,601,1999,5,10.1
138,Jomsom,Mustang,601,1999,6,12
138,Jomsom,Mustang,601,1999,7,14.4
138,Jomsom,Mustang,601,1999,8,13.7
138,Jomsom,Mustang,601,1999,9,12.3
138,Jomsom,Mustang,601,1999,10,6.6
138,Jomsom,Mustang,601,1999,11,2.5
138,Jomsom,Mustang,601,1999,12,-0.4
138,Jomsom,Mustang,601,2000,1,-0.9
138,Jomsom,Mustang,601,2000,2,-2.6
138,Jomsom,Mustang,601,2000,3,0.4
138,Jomsom,Mustang,601,2000,4,5.9
138,Jomsom,Mustang,601,2000,5,10.4
138,Jomsom,Mustang,601,2000,6,13.3
138,Jomsom,Mustang,601,2000,7,14.2
138,Jomsom,Mustang,601,2000,8,14.1
138,Jomsom,Mustang,601,2000,9,11.1
138,Jomsom,Mustang,601,2000,10,6.3
138,Jomsom,Mustang,601,2000,11,3.2
138,Jomsom,Mustang,601,2000,12,-0.5
138,Jomsom,Mustang,601,2001,1,-0.9
138,Jomsom,Mustang,601,2001,2,0.2
138,Jomsom,Mustang,601,2001,3,1.2
138,Jomsom,Mustang,601,2001,4,4.2
138,Jomsom,Mustang,601,2001,5,9.7
138,Jomsom,Mustang,601,2001,6,13.3
138,Jomsom,Mustang,601,2001,7,14.5
138,Jomsom,Mustang,601,2001,8,14.3
138,Jomsom,Mustang,601,2001,9,11.4
138,Jomsom,Mustang,601,2001,10,7
138,Jomsom,Mustang,601,2001,11,2.2
138,Jomsom,Mustang,601,2001,12,-1
138,Jomsom,Mustang,601,2002,1,-1.3
138,Jomsom,Mustang,601,2002,2,0
138,Jomsom,Mustang,601,2002,3,3
138,Jomsom,Mustang,601,2002,4,5.6
138,Jomsom,Mustang,601,2002,5,9.2
138,Jomsom,Mustang,601,2002,6,13.1
138,Jomsom,Mustang,601,2002,7,14.9
138,Jomsom,Mustang,601,2002,8,13.8
138,Jomsom,Mustang,601,2002,9,10.8
138,Jomsom,Mustang,601,2002,10,5.4
138,Jomsom,Mustang,601,2002,11,2.4
138,Jomsom,Mustang,601,2002,12,-0.7
138,Jomsom,Mustang,601,2003,1,-1.2
138,Jomsom,Mustang,601,2003,2,-1.2
138,Jomsom,Mustang,601,2003,3,1.9
138,Jomsom,Mustang,601,2003,4,3.8
138,Jomsom,Mustang,601,2003,5,7.1
138,Jomsom,Mustang,601,2003,6,12.6
138,Jomsom,Mustang,601,2003,7,14.4
138,Jomsom,Mustang,601,2003,8,14.6
138,Jomsom,Mustang,601,2003,9,12.8
138,Jomsom,Mustang,601,2003,10,5.4
138,Jomsom,Mustang,601,2003,11,2.4
138,Jomsom,Mustang,601,2003,12,-1.4
138,Jomsom,Mustang,601,2004,1,-1.9
138,Jomsom,Mustang,601,2004,2,0.5
138,Jomsom,Mustang,601,2004,3,4.8
138,Jomsom,Mustang,601,2004,4,6.2
138,Jomsom,Mustang,601,2004,5,9.4
138,Jomsom,Mustang,601,2004,6,12.6
138,Jomsom,Mustang,601,2004,7,14.3
138,Jomsom,Mustang,601,2004,8,14.3
138,Jomsom,Mustang,601,2004,9,12.9
138,Jomsom,Mustang,601,2004,10,5.1
138,Jomsom,Mustang,601,2004,11,1
138,Jomsom,Mustang,601,2004,12,-0.1
138,Jomsom,Mustang,601,2005,1,-0.8
138,Jomsom,Mustang,601,2005,2,0.2
138,Jomsom,Mustang,601,2005,3,3.1
138,Jomsom,Mustang,601,2005,4,4.4
138,Jomsom,Mustang,601,2005,5,7.1
138,Jomsom,Mustang,601,2005,6,11.6
138,Jomsom,Mustang,601,2005,7,14.5
138,Jomsom,Mustang,601,2005,8,14.4
138,Jomsom,Mustang,601,2005,9,12
138,Jomsom,Mustang,601,2005,10,5.8
138,Jomsom,Mustang,601,2005,11,0.9
138,Jomsom,Mustang,601,2005,12,-1
138,Jomsom,Mustang,601,2006,1,-0.3
138,Jomsom,Mustang,601,2006,2,2.3
138,Jomsom,Mustang,601,2006,3,1.7
138,Jomsom,Mustang,601,2006,4,5
138,Jomsom,Mustang,601,2006,5,10.3
138,Jomsom,Mustang,601,2006,6,12
138,Jomsom,Mustang,601,2006,7,14.5
138,Jomsom,Mustang,601,2006,8,13.7
138,Jomsom,Mustang,601,2006,9,11.4
138,Jomsom,Mustang,601,2006,10,5.3
138,Jomsom,Mustang,601,2006,11,1.3
138,Jomsom,Mustang,601,2006,12,-0.4
138,Jomsom,Mustang,601,2007,1,-1.3
138,Jomsom,Mustang,601,2007,2,-1.5
138,Jomsom,Mustang,601,2007,3,2.2
138,Jomsom,Mustang,601,2007,4,5.8
138,Jomsom,Mustang,601,2007,5,8.2
138,Jomsom,Mustang,601,2007,6,12.9
138,Jomsom,Mustang,601,2007,7,14
138,Jomsom,Mustang,601,2007,8,13.8
138,Jomsom,Mustang,601,2007,9,12
138,Jomsom,Mustang,601,2007,10,6.4
138,Jomsom,Mustang,601,2007,11,1.2
138,Jomsom,Mustang,601,2007,12,-1.5
138,Jomsom,Mustang,601,2008,1,-0.5
138,Jomsom,Mustang,601,2008,2,-1.5
138,Jomsom,Mustang,601,2008,3,1.8
138,Jomsom,Mustang,601,2008,4,3.8
138,Jomsom,Mustang,601,2008,5,6.8
138,Jomsom,Mustang,601,2008,6,12.8
138,Jomsom,Mustang,601,2008,7,13.7
138,Jomsom,Mustang,601,2008,8,13.3
138,Jomsom,Mustang,601,2008,9,9.8
138,Jomsom,Mustang,601,2008,10,4
138,Jomsom,Mustang,601,2008,11,1.7
138,Jomsom,Mustang,601,2008,12,-0.4
138,Jomsom,Mustang,601,2009,1,-0.6
138,Jomsom,Mustang,601,2009,2,-0.3
138,Jomsom,Mustang,601,2009,3,1
138,Jomsom,Mustang,601,2009,4,5.3
138,Jomsom,Mustang,601,2009,5,7.2
138,Jomsom,Mustang,601,2009,6,10.9
138,Jomsom,Mustang,601,2009,7,13.6
138,Jomsom,Mustang,601,2009,8,13.4
138,Jomsom,Mustang,601,2009,9,10.6
138,Jomsom,Mustang,601,2009,10,4.4
138,Jomsom,Mustang,601,2009,11,0.7
138,Jomsom,Mustang,601,2009,12,-1.7
138,Jomsom,Mustang,601,2010,1,-1.8
138,Jomsom,Mustang,601,2010,2,-1.5
138,Jomsom,Mustang,601,2010,3,3.3
138,Jomsom,Mustang,601,2010,4,5.6
138,Jomsom,Mustang,601,2010,5,7.6
138,Jomsom,Mustang,601,2010,6,11.4
138,Jomsom,Mustang,601,2010,7,13.8
138,Jomsom,Mustang,601,2010,8,13.8
138,Jomsom,Mustang,601,2010,9,11.4
138,Jomsom,Mustang,601,2010,10,5.5
138,Jomsom,Mustang,601,2010,11,2.5
138,Jomsom,Mustang,601,2010,12,-3
138,Jomsom,Mustang,601,2011,1,-3.2
138,Jomsom,Mustang,601,2011,2,-1.3
138,Jomsom,Mustang,601,2011,3,1.7
138,Jomsom,Mustang,601,2011,4,2.9
138,Jomsom,Mustang,601,2011,5,7.9
138,Jomsom,Mustang,601,2011,6,11.4
138,Jomsom,Mustang,601,2011,7,13.6
138,Jomsom,Mustang,601,2011,8,13.1
138,Jomsom,Mustang,601,2011,9,11.7
138,Jomsom,Mustang,601,2011,10,5.1
138,Jomsom,Mustang,601,2011,11,1.8
138,Jomsom,Mustang,601,2011,12,-3.1
138,Jomsom,Mustang,601,2012,1,-3.9
138,Jomsom,Mustang,601,2012,2,-1.5
138,Jomsom,Mustang,601,2012,3,1.2
138,Jomsom,Mustang,601,2012,4,3.5
138,Jomsom,Mustang,601,2012,5,6.1
138,Jomsom,Mustang,601,2012,6,11.3
138,Jomsom,Mustang,601,2012,7,14
138,Jomsom,Mustang,601,2012,8,13.4
138,Jomsom,Mustang,601,2012,9,11.2
138,Jomsom,Mustang,601,2012,10,3.7
138,Jomsom,Mustang,601,2012,11,0.3
138,Jomsom,Mustang,601,2012,12,-0.8
138,Jomsom,Mustang,601,2013,1,-2.3
138,Jomsom,Mustang,601,2013,2,-0.3
138,Jomsom,Mustang,601,2013,3,2.6
138,Jomsom,Mustang,601,2013,4,5.3
138,Jomsom,Mustang,601,2013,5,8.5
138,Jomsom,Mustang,601,2013,6,13.4
138,Jomsom,Mustang,601,2013,7,14.8
138,Jomsom,Mustang,601,2013,8,13.8
138,Jomsom,Mustang,601,2013,9,11.6
138,Jomsom,Mustang,601,2013,10,7.6
138,Jomsom,Mustang,601,2013,11,0.6
138,Jomsom,Mustang,601,2013,12,-0.9
138,Jomsom,Mustang,601,2014,1,-2.3
138,Jomsom,Mustang,601,2014,2,-0.4
138,Jomsom,Mustang,601,2014,3,1.5
138,Jomsom,Mustang,601,2014,4,3.8
138,Jomsom,Mustang,601,2014,5,7.4
138,Jomsom,Mustang,601,2014,6,12.5
138,Jomsom,Mustang,601,2014,7,14.7
138,Jomsom,Mustang,601,2014,8,14.4
138,Jomsom,Mustang,601,2014,9,11.9
138,Jomsom,Mustang,601,2014,10,4.5
138,Jomsom,Mustang,601,2014,11,1.7
138,Jomsom,Mustang,601,2014,12,-0.6
138,Jomsom,Mustang,601,2015,1,-1.1
138,Jomsom,Mustang,601,2015,2,0.3
138,Jomsom,Mustang,601,2015,3,2.6
138,Jomsom,Mustang,601,2015,4,4.1
138,Jomsom,Mustang,601,2015,5,8.1
138,Jomsom,Mustang,601,2015,6,11.4
138,Jomsom,Mustang,601,2015,7,13.4
138,Jomsom,Mustang,601,2015,8,14
138,Jomsom,Mustang,601,2015,9,11.7
138,Jomsom,Mustang,601,2015,10,5.6
138,Jomsom,Mustang,601,2015,11,2.2
138,Jomsom,Mustang,601,2015,12,-1.3
138,Jomsom,Mustang,601,2016,1,-2
138,Jomsom,Mustang,601,2016,2,0.8
138,Jomsom,Mustang,601,2016,3,2.6
138,Jomsom,Mustang,601,2016,4,5.2
138,Jomsom,Mustang,601,2016,5,7.7
138,Jomsom,Mustang,601,2016,6,12.8
138,Jomsom,Mustang,601,2016,7,14.1
138,Jomsom,Mustang,601,2016,8,13.5
138,Jomsom,Mustang,601,2016,9,11.4
138,Jomsom,Mustang,601,2016,10,6.2
138,Jomsom,Mustang,601,2016,11,0.3
138,Jomsom,Mustang,601,2016,12,0.4
138,Jomsom,Mustang,601,2017,1,-2.8
138,Jomsom,Mustang,601,2017,2,0.7
138,Jomsom,Mustang,601,2017,3,2.6
138,Jomsom,Mustang,601,2017,4,5.6
138,Jomsom,Mustang,601,2017,5,7.8
138,Jomsom,Mustang,601,2017,6,12.3
138,Jomsom,Mustang,601,2017,7,13.9
138,Jomsom,Mustang,601,2017,8,14.4
138,Jomsom,Mustang,601,2017,9,11.4
138,Jomsom,Mustang,601,2017,10,7.3
138,Jomsom,Mustang,601,2017,11,0.5
138,Jomsom,Mustang,601,2017,12,-0.5
138,Jomsom,Mustang,601,2018,1,-2.1
138,Jomsom,Mustang,601,2018,2,0.1
138,Jomsom,Mustang,601,2018,3,2.2
138,Jomsom,Mustang,601,2018,4,4.8
138,Jomsom,Mustang,601,2018,5,8.3
138,Jomsom,Mustang,601,2018,6,12.6
138,Jomsom,Mustang,601,2018,7,14.6
138,Jomsom,Mustang,601,2018,8,13.9
138,Jomsom,Mustang,601,2018,9,11.9
138,Jomsom,Mustang,601,2018,10,3.5
138,Jomsom,Mustang,601,2018,11,0.4
138,Jomsom,Mustang,601,2018,12,-3.1
138,Jomsom,Mustang,601,2019,1,-3.8
138,Jomsom,Mustang,601,2019,2,-2.1
138,Jomsom,Mustang,601,2019,3,0.8
138,Jomsom,Mustang,601,2019,4,4.6
138,Jomsom,Mustang,601,2019,5,5.4
138,Jomsom,Mustang,601,2019,6,10.3
138,Jomsom,Mustang,601,2019,7,12.6
138,Jomsom,Mustang,601,2019,8,12.4
138,Jomsom,Mustang,601,2019,9,10.9
138,Jomsom,Mustang,601,2019,10,4.8
138,Jomsom,Mustang,601,2019,11,1.7
138,Jomsom,Mustang,601,2019,12,-2.9
64,Jumla,Jumla,303,1990,1,-5.1
64,Jumla,Jumla,303,1990,2,-1.4
64,Jumla,Jumla,303,1990,3,-0.1
64,Jumla,Jumla,303,1990,4,2.9
64,Jumla,Jumla,303,1990,5,9.2
64,Jumla,Jumla,303,1990,6,14
64,Jumla,Jumla,303,1990,7,15.4
64,Jumla,Jumla,303,1990,8,14.9
64,Jumla,Jumla,303,1990,9,13.3
64,Jumla,Jumla,303,1990,10,3.8
64,Jumla,Jumla,303,1990,11,-1.6
64,Jumla,Jumla,303,1990,12,-4.4
64,Jumla,Jumla,303,1991,1,-6.2
64,Jumla,Jumla,303,1991,2,-1.8
64,Jumla,Jumla,303,1991,3,0.7
64,Jumla,Jumla,303,1991,4,2.9
64,Jumla,Jumla,303,1991,5,6.9
64,Jumla,Jumla,303,1991,6,13.4
64,Jumla,Jumla,303,1991,7,15.7
64,Jumla,Jumla,303,1991,8,15.4
64,Jumla,Jumla,303,1991,9,12
64,Jumla,Jumla,303,1991,10,2.2
64,Jumla,Jumla,303,1991,11,-2.1
64,Jumla,Jumla,303,1991,12,-4.4
64,Jumla,Jumla,303,1992,1,-3.7
64,Jumla,Jumla,303,1992,2,-4.3
64,Jumla,Jumla,303,1992,3,0.3
64,Jumla,Jumla,303,1992,4,2.8
64,Jumla,Jumla,303,1992,5,6.6
64,Jumla,Jumla,303,1992,6,11.7
64,Jumla,Jumla,303,1992,7,14.5
64,Jumla,Jumla,303,1992,8,15.1
64,Jumla,Jumla,303,1992,9,12
64,Jumla,Jumla,303,1992,10,5
64,Jumla,Jumla,303,1992,11,-0.6
64,Jumla,Jumla,303,1992,12,-5.1
64,Jumla,Jumla,303,1993,1,-4.4
64,Jumla,Jumla,303,1993,2,-1.3
64,Jumla,Jumla,303,1993,3,-1.1
64,Jumla,Jumla,303,1993,4,3.7
64,Jumla,Jumla,303,1993,5,8.3
64,Jumla,Jumla,303,1993,6,13
64,Jumla,Jumla,303,1993,7,15.7
64,Jumla,Jumla,303,1993,8,15.5
64,Jumla,Jumla,303,1993,9,10.5
64,Jumla,Jumla,303,1993,10,0.8
64,Jumla,Jumla,303,1993,11,-2.7
64,Jumla,Jumla,303,1993,12,-5.8
64,Jumla,Jumla,303,1994,1,-4.3
64,Jumla,Jumla,303,1994,2,-3.9
64,Jumla,Jumla,303,1994,3,0.1
64,Jumla,Jumla,303,1994,4,2.4
64,Jumla,Jumla,303,1994,5,7.5
64,Jumla,Jumla,303,1994,6,13.9
64,Jumla,Jumla,303,1994,7,16.3
64,Jumla,Jumla,303,1994,8,15.6
64,Jumla,Jumla,303,1994,9,12.9
64,Jumla,Jumla,303,1994,10,1.5
64,Jumla,Jumla,303,1994,11,-1.9
64,Jumla,Jumla,303,1994,12,-5.4
64,Jumla,Jumla,303,1995,1,-7
64,Jumla,Jumla,303,1995,2,-3
64,Jumla,Jumla,303,1995,3,0.7
64,Jumla,Jumla,303,1995,4,2.7
64,Jumla,Jumla,303,1995,5,8.1
64,Jumla,Jumla,303,1995,6,15
64,Jumla,Jumla,303,1995,7,15.7
64,Jumla,Jumla,303,1995,8,15.3
64,Jumla,Jumla,303,1995,9,12.9
64,Jumla,Jumla,303,1995,10,4.4
64,Jumla,Jumla,303,1995,11,-1.5
64,Jumla,Jumla,303,1995,12,-4.6
64,Jumla,Jumla,303,1996,1,-4.8
64,Jumla,Jumla,303,1996,2,-3
64,Jumla,Jumla,303,1996,3,1.3
64,Jumla,Jumla,303,1996,4,3.2
64,Jumla,Jumla,303,1996,5,6.8
64,Jumla,Jumla,303,1996,6,13.4
64,Jumla,Jumla,303,1996,7,15.7
64,Jumla,Jumla,303,1996,8,15.2
64,Jumla,Jumla,303,1996,9,11.8
64,Jumla,Jumla,303,1996,10,5.7
64,Jumla,Jumla,303,1996,11,-2
64,Jumla,Jumla,303,1996,12,-5.9
64,Jumla,Jumla,303,1997,1,-5.9
64,Jumla,Jumla,303,1997,2,-3.6
64,Jumla,Jumla,303,1997,3,0.6
64,Jumla,Jumla,303,1997,4,4.1
64,Jumla,Jumla,303,1997,5,5.4
64,Jumla,Jumla,303,1997,6,11.9
64,Jumla,Jumla,303,1997,7,16.5
64,Jumla,Jumla,303,1997,8,14.8
64,Jumla,Jumla,303,1997,9,12.6
64,Jumla,Jumla,303,1997,10,3
64,Jumla,Jumla,303,1997,11,-0.4
64,Jumla,Jumla,303,1997,12,-3.8
64,Jumla,Jumla,303,1998,1,-5.1
64,Jumla,Jumla,303,1998,2,-2.9
64,Jumla,Jumla,303,1998,3,0.7
64,Jumla,Jumla,303,1998,4,4.7
64,Jumla,Jumla,303,1998,5,9.2
64,Jumla,Jumla,303,1998,6,13.8
64,Jumla,Jumla,303,1998,7,16.5
64,Jumla,Jumla,303,1998,8,16.1
64,Jumla,Jumla,303,1998,9,13.5
64,Jumla,Jumla,303,1998,10,7.9
64,Jumla,Jumla,303,1998,11,0
64,Jumla,Jumla,303,1998,12,-4.2
64,Jumla,Jumla,303,1999,1,-4.8
64,Jumla,Jumla,303,1999,2,-1.4
64,Jumla,Jumla,303,1999,3,0
64,Jumla,Jumla,303,1999,4,4.3
64,Jumla,Jumla,303,1999,5,10.2
64,Jumla,Jumla,303,1999,6,13.3
64,Jumla,Jumla,303,1999,7,16
64,Jumla,Jumla,303,1999,8,15.2
64,Jumla,Jumla,303,1999,9,13.2
64,Jumla,Jumla,303,1999,10,5.4
64,Jumla,Jumla,303,1999,11,-1.9
64,Jumla,Jumla,303,1999,12,-4.1
64,Jumla,Jumla,303,2000,1,-8.1
64,Jumla,Jumla,303,2000,2,-9.1
64,Jumla,Jumla,303,2000,3,-5.9
64,Jumla,Jumla,303,2000,4,-0.5
64,Jumla,Jumla,303,2000,5,4.8
64,Jumla,Jumla,303,2000,6,9.2
64,Jumla,Jumla,303,2000,7,11
64,Jumla,Jumla,303,2000,8,14.4
64,Jumla,Jumla,303,2000,9,11.3
64,Jumla,Jumla,303,2000,10,3.6
64,Jumla,Jumla,303,2000,11,-0.3
64,Jumla,Jumla,303,2000,12,-4.8
64,Jumla,Jumla,303,2001,1,-5
64,Jumla,Jumla,303,2001,2,-3.4
64,Jumla,Jumla,303,2001,3,0.1
64,Jumla,Jumla,303,2001,4,4.4
64,Jumla,Jumla,303,2001,5,9.9
64,Jumla,Jumla,303,2001,6,14.4
64,Jumla,Jumla,303,2001,7,16.1
64,Jumla,Jumla,303,2001,8,15.4
64,Jumla,Jumla,303,2001,9,12.3
64,Jumla,Jumla,303,2001,10,6.1
64,Jumla,Jumla,303,2001,11,-1.3
64,Jumla,Jumla,303,2001,12,-4.8
64,Jumla,Jumla,303,2002,1,-4.9
64,Jumla,Jumla,303,2002,2,-2.6
64,Jumla,Jumla,303,2002,3,1
64,Jumla,Jumla,303,2002,4,4.4
64,Jumla,Jumla,303,2002,5,9.3
64,Jumla,Jumla,303,2002,6,13.3
64,Jumla,Jumla,303,2002,7,16.1
64,Jumla,Jumla,303,2002,8,15.4
64,Jumla,Jumla,303,2002,9,11.6
64,Jumla,Jumla,303,2002,10,4.6
64,Jumla,Jumla,303,2002,11,-1.4
64,Jumla,Jumla,303,2002,12,-4.6
64,Jumla,Jumla,303,2003,1,-5.4
64,Jumla,Jumla,303,2003,2,-2.5
64,Jumla,Jumla,303,2003,3,0.5
64,Jumla,Jumla,303,2003,4,4.4
64,Jumla,Jumla,303,2003,5,6.1
64,Jumla,Jumla,303,2003,6,13.1
64,Jumla,Jumla,303,2003,7,15.8
64,Jumla,Jumla,303,2003,8,15.6
64,Jumla,Jumla,303,2003,9,13.8
64,Jumla,Jumla,303,2003,10,3.2
64,Jumla,Jumla,303,2003,11,-2.1
64,Jumla,Jumla,303,2003,12,-4.6
64,Jumla,Jumla,303,2004,1,-4.2
64,Jumla,Jumla,303,2004,2,-3.5
64,Jumla,Jumla,303,2004,3,0.8
64,Jumla,Jumla,303,2004,4,5.5
64,Jumla,Jumla,303,2004,5,8.3
64,Jumla,Jumla,303,2004,6,13
64,Jumla,Jumla,303,2004,7,15.3
64,Jumla,Jumla,303,2004,8,15.1
64,Jumla,Jumla,303,2004,9,13.4
64,Jumla,Jumla,303,2004,10,4.7
64,Jumla,Jumla,303,2004,11,-1.5
64,Jumla,Jumla,303,2004,12,-3.7
64,Jumla,Jumla,303,2005,1,-3.9
64,Jumla,Jumla,303,2005,2,-1.7
64,Jumla,Jumla,303,2005,3,1.7
64,Jumla,Jumla,303,2005,4,2.9
64,Jumla,Jumla,303,2005,5,6.6
64,Jumla,Jumla,303,2005,6,12.2
64,Jumla,Jumla,303,2005,7,16.1
64,Jumla,Jumla,303,2005,8,15.3
64,Jumla,Jumla,303,2005,9,13.3
64,Jumla,Jumla,303,2005,10,4.8
64,Jumla,Jumla,303,2005,11,-3.3
64,Jumla,Jumla,303,2005,12,-5.5
64,Jumla,Jumla,303,2006,1,-4.2
64,Jumla,Jumla,303,2006,2,-0.6
64,Jumla,Jumla,303,2006,3,0.8
64,Jumla,Jumla,303,2006,4,3.8
64,Jumla,Jumla,303,2006,5,10
64,Jumla,Jumla,303,2006,6,12.8
64,Jumla,Jumla,303,2006,7,16.6
64,Jumla,Jumla,303,2006,8,15
64,Jumla,Jumla,303,2006,9,12.8
64,Jumla,Jumla,303,2006,10,4.2
64,Jumla,Jumla,303,2006,11,-0.5
64,Jumla,Jumla,303,2006,12,-3.2
64,Jumla,Jumla,303,2007,1,-5.8
64,Jumla,Jumla,303,2007,2,-1.4
64,Jumla,Jumla,303,2007,3,0.6
64,Jumla,Jumla,303,2007,4,4.9
64,Jumla,Jumla,303,2007,5,8.8
64,Jumla,Jumla,303,2007,6,14
64,Jumla,Jumla,303,2007,7,15.9
64,Jumla,Jumla,303,2007,8,15.7
64,Jumla,Jumla,303,2007,9,13.2
64,Jumla,Jumla,303,2007,10,4.9
64,Jumla,Jumla,303,2007,11,-1.3
64,Jumla,Jumla,303,2007,12,-4.1
64,Jumla,Jumla,303,2008,1,-3.5
64,Jumla,Jumla,303,2008,2,-3.6
64,Jumla,Jumla,303,2008,3,0.8
64,Jumla,Jumla,303,2008,4,4.1
64,Jumla,Jumla,303,2008,5,8.1
64,Jumla,Jumla,303,2008,6,14.9
64,Jumla,Jumla,303,2008,7,16
64,Jumla,Jumla,303,2008,8,15.4
64,Jumla,Jumla,303,2008,9,10.4
64,Jumla,Jumla,303,2008,10,4.4
64,Jumla,Jumla,303,2008,11,-1.6
64,Jumla,Jumla,303,2008,12,-2.9
64,Jumla,Jumla,303,2009,1,-3.3
64,Jumla,Jumla,303,2009,2,-2.8
64,Jumla,Jumla,303,2009,3,0.4
64,Jumla,Jumla,303,2009,4,4.2
64,Jumla,Jumla,303,2009,5,8.3
64,Jumla,Jumla,303,2009,6,12.2
64,Jumla,Jumla,303,2009,7,16.1
64,Jumla,Jumla,303,2009,8,15.8
64,Jumla,Jumla,303,2009,9,12.3
64,Jumla,Jumla,303,2009,10,4
64,Jumla,Jumla,303,2009,11,-1.4
64,Jumla,Jumla,303,2009,12,-3.7
64,Jumla,Jumla,303,2010,1,-4.3
64,Jumla,Jumla,303,2010,2,-2.7
64,Jumla,Jumla,303,2010,3,1.8
64,Jumla,Jumla,303,2010,4,5.3
64,Jumla,Jumla,303,2010,5,8.2
64,Jumla,Jumla,303,2010,6,12.6
64,Jumla,Jumla,303,2010,7,16.1
64,Jumla,Jumla,303,2010,8,16.1
64,Jumla,Jumla,303,2010,9,13.4
64,Jumla,Jumla,303,2010,10,4.7
64,Jumla,Jumla,303,2010,11,0
64,Jumla,Jumla,303,2010,12,-6.1
64,Jumla,Jumla,303,2011,1,-6.3
64,Jumla,Jumla,303,2011,2,-3.5
64,Jumla,Jumla,303,2011,3,0.4
64,Jumla,Jumla,303,2011,4,3.7
64,Jumla,Jumla,303,2011,5,8.2
64,Jumla,Jumla,303,2011,6,13.3
64,Jumla,Jumla,303,2011,7,15.9
64,Jumla,Jumla,303,2011,8,15.5
64,Jumla,Jumla,303,2011,9,13.1
64,Jumla,Jumla,303,2011,10,4.4
64,Jumla,Jumla,303,2011,11,-0.2
64,Jumla,Jumla,303,2011,12,-5.5
64,Jumla,Jumla,303,2012,1,-6.3
64,Jumla,Jumla,303,2012,2,-4.1
64,Jumla,Jumla,303,2012,3,-0.5
64,Jumla,Jumla,303,2012,4,4.3
64,Jumla,Jumla,303,2012,5,6.7
64,Jumla,Jumla,303,2012,6,13.3
64,Jumla,Jumla,303,2012,7,16.4
64,Jumla,Jumla,303,2012,8,15.5
64,Jumla,Jumla,303,2012,9,13.3
64,Jumla,Jumla,303,2012,10,2
64,Jumla,Jumla,303,2012,11,-3.2
64,Jumla,Jumla,303,2012,12,-5.1
64,Jumla,Jumla,303,2013,1,-6.2
64,Jumla,Jumla,303,2013,2,-2.1
64,Jumla,Jumla,303,2013,3,0.9
64,Jumla,Jumla,303,2013,4,4.1
64,Jumla,Jumla,303,2013,5,8.9
64,Jumla,Jumla,303,2013,6,15.4
64,Jumla,Jumla,303,2013,7,16.2
64,Jumla,Jumla,303,2013,8,15.5
64,Jumla,Jumla,303,2013,9,12.9
64,Jumla,Jumla,303,2013,10,7.9
64,Jumla,Jumla,303,2013,11,-2.2
64,Jumla,Jumla,303,2013,12,-5.4
64,Jumla,Jumla,303,2014,1,-4.4
64,Jumla,Jumla,303,2014,2,-2.5
64,Jumla,Jumla,303,2014,3,0.2
64,Jumla,Jumla,303,2014,4,3.4
64,Jumla,Jumla,303,2014,5,7.1
64,Jumla,Jumla,303,2014,6,13.1
64,Jumla,Jumla,303,2014,7,16.2
64,Jumla,Jumla,303,2014,8,15.7
64,Jumla,Jumla,303,2014,9,12.5
64,Jumla,Jumla,303,2014,10,5
64,Jumla,Jumla,303,2014,11,-2.5
64,Jumla,Jumla,303,2014,12,-4.5
64,Jumla,Jumla,303,2015,1,-3.5
64,Jumla,Jumla,303,2015,2,-1.9
64,Jumla,Jumla,303,2015,3,1.7
64,Jumla,Jumla,303,2015,4,4.8
64,Jumla,Jumla,303,2015,5,7.9
64,Jumla,Jumla,303,2015,6,12
64,Jumla,Jumla,303,2015,7,15.6
64,Jumla,Jumla,303,2015,8,15.6
64,Jumla,Jumla,303,2015,9,12
64,Jumla,Jumla,303,2015,10,4.5
64,Jumla,Jumla,303,2015,11,-0.2
64,Jumla,Jumla,303,2015,12,-4.5
64,Jumla,Jumla,303,2016,1,-4.5
64,Jumla,Jumla,303,2016,2,-1.2
64,Jumla,Jumla,303,2016,3,3.2
64,Jumla,Jumla,303,2016,4,5.9
64,Jumla,Jumla,303,2016,5,9.7
64,Jumla,Jumla,303,2016,6,15.4
64,Jumla,Jumla,303,2016,7,16.6
64,Jumla,Jumla,303,2016,8,15.5
64,Jumla,Jumla,303,2016,9,13.8
64,Jumla,Jumla,303,2016,10,6.7
64,Jumla,Jumla,303,2016,11,-1.7
64,Jumla,Jumla,303,2016,12,-3
64,Jumla,Jumla,303,2017,1,-3.9
64,Jumla,Jumla,303,2017,2,-1.1
64,Jumla,Jumla,303,2017,3,1.9
64,Jumla,Jumla,303,2017,4,6.3
64,Jumla,Jumla,303,2017,5,9.1
64,Jumla,Jumla,303,2017,6,13.4
64,Jumla,Jumla,303,2017,7,16.4
64,Jumla,Jumla,303,2017,8,16.2
64,Jumla,Jumla,303,2017,9,13.9
64,Jumla,Jumla,303,2017,10,7.2
64,Jumla,Jumla,303,2017,11,0
64,Jumla,Jumla,303,2017,12,-2.1
64,Jumla,Jumla,303,2018,1,-5.7
64,Jumla,Jumla,303,2018,2,-1.7
64,Jumla,Jumla,303,2018,3,1.9
64,Jumla,Jumla,303,2018,4,6.1
64,Jumla,Jumla,303,2018,5,8.6
64,Jumla,Jumla,303,2018,6,14.4
64,Jumla,Jumla,303,2018,7,16.7
64,Jumla,Jumla,303,2018,8,16.3
64,Jumla,Jumla,303,2018,9,13.8
64,Jumla,Jumla,303,2018,10,2.9
64,Jumla,Jumla,303,2018,11,-1.3
64,Jumla,Jumla,303,2018,12,-4.9
64,Jumla,Jumla,303,2019,1,-3.1
64,Jumla,Jumla,303,2019,2,-0.9
64,Jumla,Jumla,303,2019,3,1.1
64,Jumla,Jumla,303,2019,4,6.8
64,Jumla,Jumla,303,2019,5,7.6
64,Jumla,Jumla,303,2019,6,12.7
64,Jumla,Jumla,303,2019,7,15.8
64,Jumla,Jumla,303,2019,8,15.6
64,Jumla,Jumla,303,2019,9,14.4
64,Jumla,Jumla,303,2019,10,6.3
64,Jumla,Jumla,303,2019,11,1.6
64,Jumla,Jumla,303,2019,12,-3.9
121,Rajbiraj,Saptari,1223,1990,2,12.4
121,Rajbiraj,Saptari,1223,1990,3,15.2
121,Rajbiraj,Saptari,1223,1990,4,21.1
121,Rajbiraj,Saptari,1223,1990,5,26.3
121,Rajbiraj,Saptari,1223,1990,7,26.8
121,Rajbiraj,Saptari,1223,1990,8,24.2
121,Rajbiraj,Saptari,1223,1990,9,25
121,Rajbiraj,Saptari,1223,1990,10,20.2
121,Rajbiraj,Saptari,1223,1990,11,14.8
121,Rajbiraj,Saptari,1223,1990,12,10.3
121,Rajbiraj,Saptari,1223,1991,1,7.2
121,Rajbiraj,Saptari,1223,1991,2,10.1
121,Rajbiraj,Saptari,1223,1991,3,16.1
121,Rajbiraj,Saptari,1223,1991,4,21.9
121,Rajbiraj,Saptari,1223,1991,5,23.9
121,Rajbiraj,Saptari,1223,1991,6,25
121,Rajbiraj,Saptari,1223,1991,7,26
121,Rajbiraj,Saptari,1223,1991,8,25.9
121,Rajbiraj,Saptari,1223,1991,9,25.1
121,Rajbiraj,Saptari,1223,1991,10,21
121,Rajbiraj,Saptari,1223,1991,11,14.2
121,Rajbiraj,Saptari,1223,1991,12,8.5
121,Rajbiraj,Saptari,1223,1992,1,12.2
121,Rajbiraj,Saptari,1223,1992,2,14
121,Rajbiraj,Saptari,1223,1992,5,22.7
121,Rajbiraj,Saptari,1223,1992,6,25.1
121,Rajbiraj,Saptari,1223,1992,7,22.7
121,Rajbiraj,Saptari,1223,1992,8,25
121,Rajbiraj,Saptari,1223,1992,9,24.5
121,Rajbiraj,Saptari,1223,1992,10,21
121,Rajbiraj,Saptari,1223,1992,11,13.8
121,Rajbiraj,Saptari,1223,1992,12,9.4
121,Rajbiraj,Saptari,1223,1993,1,8.5
121,Rajbiraj,Saptari,1223,1993,2,12.3
121,Rajbiraj,Saptari,1223,1993,3,13.1
121,Rajbiraj,Saptari,1223,1993,4,18.1
121,Rajbiraj,Saptari,1223,1993,5,21.9
121,Rajbiraj,Saptari,1223,1993,6,23.2
121,Rajbiraj,Saptari,1223,1993,7,24.3
121,Rajbiraj,Saptari,1223,1993,8,24.2
121,Rajbiraj,Saptari,1223,1993,9,23.1
121,Rajbiraj,Saptari,1223,1993,10,20.6
121,Rajbiraj,Saptari,1223,1993,11,16.5
121,Rajbiraj,Saptari,1223,1993,12,10.9
121,Rajbiraj,Saptari,1223,1994,1,10.9
121,Rajbiraj,Saptari,1223,1994,2,11.3
121,Rajbiraj,Saptari,1223,1994,3,17
121,Rajbiraj,Saptari,1223,1994,4,20.5
121,Rajbiraj,Saptari,1223,1994,5,24.5
121,Rajbiraj,Saptari,1223,1994,6,26.1
121,Rajbiraj,Saptari,1223,1994,7,26.5
121,Rajbiraj,Saptari,1223,1994,8,26.2
121,Rajbiraj,Saptari,1223,1994,9,25.1
121,Rajbiraj,Saptari,1223,1994,10,20.9
121,Rajbiraj,Saptari,1223,1994,11,14.6
121,Rajbiraj,Saptari,1223,1994,12,9.5
121,Rajbiraj,Saptari,1223,1995,1,9.3
121,Rajbiraj,Saptari,1223,1995,2,10.9
121,Rajbiraj,Saptari,1223,1995,3,15.2
121,Rajbiraj,Saptari,1223,1995,4,20.1
121,Rajbiraj,Saptari,1223,1995,5,26.2
121,Rajbiraj,Saptari,1223,1995,6,26.1
121,Rajbiraj,Saptari,1223,1995,7,25.9
121,Rajbiraj,Saptari,1223,1995,8,25.9
121,Rajbiraj,Saptari,1223,1995,9,25
121,Rajbiraj,Saptari,1223,1995,10,21.9
121,Rajbiraj,Saptari,1223,1995,11,16
121,Rajbiraj,Saptari,1223,1995,12,11.7
121,Rajbiraj,Saptari,1223,1996,1,9.7
121,Rajbiraj,Saptari,1223,1996,2,12.4
121,Rajbiraj,Saptari,1223,1996,3,17.3
121,Rajbiraj,Saptari,1223,1996,4,20.4
121,Rajbiraj,Saptari,1223,1996,5,24
121,Rajbiraj,Saptari,1223,1996,6,25.1
121,Rajbiraj,Saptari,1223,1996,7,25.9
121,Rajbiraj,Saptari,1223,1996,8,25.8
121,Rajbiraj,Saptari,1223,1996,9,25.3
121,Rajbiraj,Saptari,1223,1996,10,21.1
121,Rajbiraj,Saptari,1223,1996,11,15
121,Rajbiraj,Saptari,1223,1996,12,10
121,Rajbiraj,Saptari,1223,1997,1,8
121,Rajbiraj,Saptari,1223,1997,2,10.1
121,Rajbiraj,Saptari,1223,1997,3,15.6
121,Rajbiraj,Saptari,1223,1997,4,16.1
121,Rajbiraj,Saptari,1223,1997,5,19.5
121,Rajbiraj,Saptari,1223,1997,6,20.7
121,Rajbiraj,Saptari,1223,1997,7,21.2
121,Rajbiraj,Saptari,1223,1997,8,25.2
121,Rajbiraj,Saptari,1223,1997,9,24.8
121,Rajbiraj,Saptari,1223,1997,10,19.2
121,Rajbiraj,Saptari,1223,1997,11,14.8
121,Rajbiraj,Saptari,1223,1997,12,10.4
121,Rajbiraj,Saptari,1223,1998,1,9.6
121,Rajbiraj,Saptari,1223,1998,2,12
121,Rajbiraj,Saptari,1223,1998,3,15.2
121,Rajbiraj,Saptari,1223,1998,4,20.6
121,Rajbiraj,Saptari,1223,1998,5,22.6
121,Rajbiraj,Saptari,1223,1998,6,22.1
121,Rajbiraj,Saptari,1223,1998,7,21.5
121,Rajbiraj,Saptari,1223,1998,8,24.4
121,Rajbiraj,Saptari,1223,1998,9,25.6
121,Rajbiraj,Saptari,1223,1998,10,24
121,Rajbiraj,Saptari,1223,1998,11,16.6
121,Rajbiraj,Saptari,1223,1999,4,24.1
121,Rajbiraj,Saptari,1223,1999,5,24.6
121,Rajbiraj,Saptari,1223,1999,6,25.8
121,Rajbiraj,Saptari,1223,1999,7,25.7
121,Rajbiraj,Saptari,1223,1999,8,25.7
121,Rajbiraj,Saptari,1223,1999,9,25
121,Rajbiraj,Saptari,1223,1999,10,22.3
121,Rajbiraj,Saptari,1223,1999,11,16.4
121,Rajbiraj,Saptari,1223,1999,12,12.3
121,Rajbiraj,Saptari,1223,2000,1,10.3
121,Rajbiraj,Saptari,1223,2000,2,10.6
121,Rajbiraj,Saptari,1223,2000,3,15
121,Rajbiraj,Saptari,1223,2000,4,20.7
121,Rajbiraj,Saptari,1223,2000,5,24.3
121,Rajbiraj,Saptari,1223,2000,6,25.5
121,Rajbiraj,Saptari,1223,2000,7,25.9
121,Rajbiraj,Saptari,1223,2000,8,26.8
121,Rajbiraj,Saptari,1223,2000,10,22.2
121,Rajbiraj,Saptari,1223,2000,11,17.8
121,Rajbiraj,Saptari,1223,2000,12,10.7
121,Rajbiraj,Saptari,1223,2001,1,7.8
121,Rajbiraj,Saptari,1223,2001,2,12.1
121,Rajbiraj,Saptari,1223,2001,3,16.2
121,Rajbiraj,Saptari,1223,2001,4,21.4
121,Rajbiraj,Saptari,1223,2001,5,23.5
121,Rajbiraj,Saptari,1223,2001,11,16.8
121,Rajbiraj,Saptari,1223,2001,12,11
121,Rajbiraj,Saptari,1223,2002,1,9.7
121,Rajbiraj,Saptari,1223,2002,2,12.1
121,Rajbiraj,Saptari,1223,2002,3,15.9
121,Rajbiraj,Saptari,1223,2002,4,20.5
121,Rajbiraj,Saptari,1223,2002,7,25
121,Rajbiraj,Saptari,1223,2002,8,25.4
121,Rajbiraj,Saptari,1223,2002,10,21.7
121,Rajbiraj,Saptari,1223,2002,11,16.6
121,Rajbiraj,Saptari,1223,2002,12,12.3
121,Rajbiraj,Saptari,1223,2003,1,8.8
121,Rajbiraj,Saptari,1223,2003,2,13.1
121,Rajbiraj,Saptari,1223,2003,3,16.5
121,Rajbiraj,Saptari,1223,2003,4,21.2
121,Rajbiraj,Saptari,1223,2003,5,22.1
121,Rajbiraj,Saptari,1223,2003,6,24.9
121,Rajbiraj,Saptari,1223,2003,7,25.7
121,Rajbiraj,Saptari,1223,2003,8,26
121,Rajbiraj,Saptari,1223,2003,9,24.2
121,Rajbiraj,Saptari,1223,2003,10,21.3
121,Rajbiraj,Saptari,1223,2003,11,16.5
121,Rajbiraj,Saptari,1223,2003,12,12.1
121,Rajbiraj,Saptari,1223,2004,1,9.5
121,Rajbiraj,Saptari,1223,2004,2,12
121,Rajbiraj,Saptari,1223,2004,3,17.2
121,Rajbiraj,Saptari,1223,2004,4,20.1
121,Rajbiraj,Saptari,1223,2004,5,23.4
121,Rajbiraj,Saptari,1223,2004,6,24.4
121,Rajbiraj,Saptari,1223,2004,7,24.3
121,Rajbiraj,Saptari,1223,2004,8,25.5
121,Rajbiraj,Saptari,1223,2004,9,24.8
121,Rajbiraj,Saptari,1223,2004,10,21.7
121,Rajbiraj,Saptari,1223,2004,11,16.5
121,Rajbiraj,Saptari,1223,2005,1,10.2
121,Rajbiraj,Saptari,1223,2005,2,13.1
121,Rajbiraj,Saptari,1223,2005,3,18.7
121,Rajbiraj,Saptari,1223,2005,4,20.4
121,Rajbiraj,Saptari,1223,2005,6,24.9
121,Rajbiraj,Saptari,1223,2005,7,25.1
121,Rajbiraj,Saptari,1223,2005,8,25.4
121,Rajbiraj,Saptari,1223,2005,9,24.9
121,Rajbiraj,Saptari,1223,2005,10,21.2
121,Rajbiraj,Saptari,1223,2005,11,14.6
121,Rajbiraj,Saptari,1223,2005,12,10.6
121,Rajbiraj,Saptari,1223,2006,1,9.8
121,Rajbiraj,Saptari,1223,2006,2,15
121,Rajbiraj,Saptari,1223,2006,3,15.9
121,Rajbiraj,Saptari,1223,2006,4,20.4
121,Rajbiraj,Saptari,1223,2006,5,23.3
121,Rajbiraj,Saptari,1223,2006,6,24.8
121,Rajbiraj,Saptari,1223,2006,7,25.5
121,Rajbiraj,Saptari,1223,2006,8,25.6
121,Rajbiraj,Saptari,1223,2006,9,23.9
121,Rajbiraj,Saptari,1223,2006,10,20.4
121,Rajbiraj,Saptari,1223,2006,11,15.1
121,Rajbiraj,Saptari,1223,2006,12,11.7
121,Rajbiraj,Saptari,1223,2007,1,9.4
121,Rajbiraj,Saptari,1223,2007,2,13.9
121,Rajbiraj,Saptari,1223,2007,3,16.2
121,Rajbiraj,Saptari,1223,2007,4,23.2
121,Rajbiraj,Saptari,1223,2007,7,26.5
121,Rajbiraj,Saptari,1223,2008,1,13.2
121,Rajbiraj,Saptari,1223,2008,4,22.4
121,Rajbiraj,Saptari,1223,2008,5,23.3
121,Rajbiraj,Saptari,1223,2008,6,25
121,Rajbiraj,Saptari,1223,2008,7,24.9
121,Rajbiraj,Saptari,1223,2008,9,22.8
121,Rajbiraj,Saptari,1223,2008,10,20.7
121,Rajbiraj,Saptari,1223,2008,11,15.3
121,Rajbiraj,Saptari,1223,2008,12,12.7
121,Rajbiraj,Saptari,1223,2009,1,10.1
121,Rajbiraj,Saptari,1223,2009,2,11.7
121,Rajbiraj,Saptari,1223,2009,3,18.4
121,Rajbiraj,Saptari,1223,2009,4,23.7
121,Rajbiraj,Saptari,1223,2009,5,22.9
121,Rajbiraj,Saptari,1223,2009,6,23.4
121,Rajbiraj,Saptari,1223,2009,7,25.4
121,Rajbiraj,Saptari,1223,2009,8,25
121,Rajbiraj,Saptari,1223,2009,9,24.5
121,Rajbiraj,Saptari,1223,2009,10,20.2
121,Rajbiraj,Saptari,1223,2009,11,14.4
121,Rajbiraj,Saptari,1223,2009,12,10.5
121,Rajbiraj,Saptari,1223,2010,1,8.6
121,Rajbiraj,Saptari,1223,2010,2,10.9
121,Rajbiraj,Saptari,1223,2010,3,18.6
121,Rajbiraj,Saptari,1223,2010,4,23.9
121,Rajbiraj,Saptari,1223,2010,5,24.6
121,Rajbiraj,Saptari,1223,2010,6,25.3
121,Rajbiraj,Saptari,1223,2010,7,25.7
121,Rajbiraj,Saptari,1223,2010,8,26
121,Rajbiraj,Saptari,1223,2010,9,24.7
121,Rajbiraj,Saptari,1223,2010,10,22
121,Rajbiraj,Saptari,1223,2010,11,17.1
121,Rajbiraj,Saptari,1223,2010,12,10.5
121,Rajbiraj,Saptari,1223,2011,1,8.8
121,Rajbiraj,Saptari,1223,2011,2,12.3
121,Rajbiraj,Saptari,1223,2011,3,16.5
121,Rajbiraj,Saptari,1223,2011,4,20.3
121,Rajbiraj,Saptari,1223,2011,5,22.7
121,Rajbiraj,Saptari,1223,2011,6,24.6
121,Rajbiraj,Saptari,1223,2011,7,23.6
121,Rajbiraj,Saptari,1223,2011,8,24.2
121,Rajbiraj,Saptari,1223,2011,9,24.7
121,Rajbiraj,Saptari,1223,2011,10,21.5
121,Rajbiraj,Saptari,1223,2011,11,15.6
121,Rajbiraj,Saptari,1223,2011,12,9.9
121,Rajbiraj,Saptari,1223,2012,1,8.6
121,Rajbiraj,Saptari,1223,2012,2,11.5
121,Rajbiraj,Saptari,1223,2012,3,15.7
121,Rajbiraj,Saptari,1223,2012,4,21.8
121,Rajbiraj,Saptari,1223,2012,5,24.5
121,Rajbiraj,Saptari,1223,2012,6,25.2
121,Rajbiraj,Saptari,1223,2012,7,25.5
121,Rajbiraj,Saptari,1223,2012,8,26
121,Rajbiraj,Saptari,1223,2012,9,25.3
121,Rajbiraj,Saptari,1223,2012,10,20.8
121,Rajbiraj,Saptari,1223,2012,11,14
121,Rajbiraj,Saptari,1223,2012,12,11.5
121,Rajbiraj,Saptari,1223,2013,1,8.4
121,Rajbiraj,Saptari,1223,2013,2,13.6
121,Rajbiraj,Saptari,1223,2013,3,18.3
121,Rajbiraj,Saptari,1223,2013,4,21.7
121,Rajbiraj,Saptari,1223,2013,5,22.3
121,Rajbiraj,Saptari,1223,2013,6,25.5
121,Rajbiraj,Saptari,1223,2013,7,25
121,Rajbiraj,Saptari,1223,2013,8,25.3
121,Rajbiraj,Saptari,1223,2013,9,25.3
121,Rajbiraj,Saptari,1223,2013,10,21.9
121,Rajbiraj,Saptari,1223,2013,11,15.3
121,Rajbiraj,Saptari,1223,2013,12,12.7
121,Rajbiraj,Saptari,1223,2014,1,10.9
121,Rajbiraj,Saptari,1223,2014,2,12.5
121,Rajbiraj,Saptari,1223,2014,3,17
121,Rajbiraj,Saptari,1223,2014,4,21.6
121,Rajbiraj,Saptari,1223,2014,5,23.9
121,Rajbiraj,Saptari,1223,2014,6,25.8
121,Rajbiraj,Saptari,1223,2014,7,26.1
121,Rajbiraj,Saptari,1223,2014,8,25.4
121,Rajbiraj,Saptari,1223,2014,9,24.9
121,Rajbiraj,Saptari,1223,2014,10,21.9
121,Rajbiraj,Saptari,1223,2014,11,16.5
121,Rajbiraj,Saptari,1223,2014,12,11.9
121,Rajbiraj,Saptari,1223,2015,1,11.1
121,Rajbiraj,Saptari,1223,2015,2,13.7
121,Rajbiraj,Saptari,1223,2015,3,17.9
121,Rajbiraj,Saptari,1223,2015,4,21.6
121,Rajbiraj,Saptari,1223,2015,5,24.5
121,Rajbiraj,Saptari,1223,2015,6,26.2
121,Rajbiraj,Saptari,1223,2015,7,26.3
121,Rajbiraj,Saptari,1223,2015,8,26.5
121,Rajbiraj,Saptari,1223,2015,9,26.1
121,Rajbiraj,Saptari,1223,2015,10,23
121,Rajbiraj,Saptari,1223,2015,11,18.8
121,Rajbiraj,Saptari,1223,2015,12,12.2
121,Rajbiraj,Saptari,1223,2016,1,10.9
121,Rajbiraj,Saptari,1223,2016,2,14.8
121,Rajbiraj,Saptari,1223,2016,3,19
121,Rajbiraj,Saptari,1223,2016,4,24.1
121,Rajbiraj,Saptari,1223,2016,5,23.9
121,Rajbiraj,Saptari,1223,2016,6,25.9
121,Rajbiraj,Saptari,1223,2016,7,26.5
121,Rajbiraj,Saptari,1223,2016,8,27.1
121,Rajbiraj,Saptari,1223,2016,10,23.4
121,Rajbiraj,Saptari,1223,2017,1,11.5
121,Rajbiraj,Saptari,1223,2017,2,13.8
121,Rajbiraj,Saptari,1223,2017,3,17.4
121,Rajbiraj,Saptari,1223,2017,4,22.2
121,Rajbiraj,Saptari,1223,2017,5,24.4
121,Rajbiraj,Saptari,1223,2017,6,26.5
121,Rajbiraj,Saptari,1223,2017,7,26.8
121,Rajbiraj,Saptari,1223,2017,8,26.8
121,Rajbiraj,Saptari,1223,2017,9,26.4
121,Rajbiraj,Saptari,1223,2017,10,23.9
121,Rajbiraj,Saptari,1223,2017,11,17.1
121,Rajbiraj,Saptari,1223,2017,12,13.3
121,Rajbiraj,Saptari,1223,2018,1,9.8
121,Rajbiraj,Saptari,1223,2018,2,13.9
121,Rajbiraj,Saptari,1223,2018,4,22.5
121,Rajbiraj,Saptari,1223,2018,5,24.6
121,Rajbiraj,Saptari,1223,2018,6,26.8
121,Rajbiraj,Saptari,1223,2018,7,27.2
121,Rajbiraj,Saptari,1223,2018,8,26.7
121,Rajbiraj,Saptari,1223,2018,9,26.3
121,Rajbiraj,Saptari,1223,2018,10,22.1
121,Rajbiraj,Saptari,1223,2018,11,17.3
121,Rajbiraj,Saptari,1223,2018,12,11
121,Rajbiraj,Saptari,1223,2019,1,9.8
121,Rajbiraj,Saptari,1223,2019,2,14.1
121,Rajbiraj,Saptari,1223,2019,3,16.6
121,Rajbiraj,Saptari,1223,2019,4,23.7
121,Rajbiraj,Saptari,1223,2019,5,24.9
121,Rajbiraj,Saptari,1223,2019,6,25.6
121,Rajbiraj,Saptari,1223,2019,7,25.6
121,Rajbiraj,Saptari,1223,2019,8,26.6
121,Rajbiraj,Saptari,1223,2019,9,25.9
121,Rajbiraj,Saptari,1223,2019,10,22.7
121,Rajbiraj,Saptari,1223,2019,11,18.7
121,Rajbiraj,Saptari,1223,2019,12,12.4
234,Tamghas,Gulmi,725,1990,1,5.2
234,Tamghas,Gulmi,725,1990,2,5.3
234,Tamghas,Gulmi,725,1990,3,6.8
234,Tamghas,Gulmi,725,1990,4,11.3
234,Tamghas,Gulmi,725,1990,5,14.5
234,Tamghas,Gulmi,725,1990,6,17.4
234,Tamghas,Gulmi,725,1990,7,17.5
234,Tamghas,Gulmi,725,1990,8,17.4
234,Tamghas,Gulmi,725,1990,9,17.5
234,Tamghas,Gulmi,725,1990,10,12.5
234,Tamghas,Gulmi,725,1990,11,9.5
234,Tamghas,Gulmi,725,1990,12,6.2
234,Tamghas,Gulmi,725,1991,1,3.8
234,Tamghas,Gulmi,725,1991,2,7.3
234,Tamghas,Gulmi,725,1991,3,10.5
234,Tamghas,Gulmi,725,1991,4,13.2
234,Tamghas,Gulmi,725,1991,5,16.5
234,Tamghas,Gulmi,725,1991,6,17.5
234,Tamghas,Gulmi,725,1991,7,19
234,Tamghas,Gulmi,725,1991,8,18.4
234,Tamghas,Gulmi,725,1991,9,17
234,Tamghas,Gulmi,725,1991,10,12.8
234,Tamghas,Gulmi,725,1991,11,7.7
234,Tamghas,Gulmi,725,1991,12,4.9
234,Tamghas,Gulmi,725,1992,1,4.3
234,Tamghas,Gulmi,725,1992,2,4.6
234,Tamghas,Gulmi,725,1992,3,11
234,Tamghas,Gulmi,725,1992,4,14.7
234,Tamghas,Gulmi,725,1992,5,15
234,Tamghas,Gulmi,725,1992,6,18
234,Tamghas,Gulmi,725,1992,7,18.4
234,Tamghas,Gulmi,725,1992,8,18.3
234,Tamghas,Gulmi,725,1992,9,16.7
234,Tamghas,Gulmi,725,1992,10,13.2
234,Tamghas,Gulmi,725,1992,11,8.7
234,Tamghas,Gulmi,725,1992,12,5.2
234,Tamghas,Gulmi,725,1993,1,4.1
234,Tamghas,Gulmi,725,1993,2,7.2
234,Tamghas,Gulmi,725,1993,3,8.1
234,Tamghas,Gulmi,725,1993,4,12.5
234,Tamghas,Gulmi,725,1993,5,15.2
234,Tamghas,Gulmi,725,1993,6,17.5
234,Tamghas,Gulmi,725,1993,7,18.8
234,Tamghas,Gulmi,725,1993,8,18.6
234,Tamghas,Gulmi,725,1993,9,16.6
234,Tamghas,Gulmi,725,1993,10,13.2
234,Tamghas,Gulmi,725,1993,11,9.5
234,Tamghas,Gulmi,725,1993,12,6.8
234,Tamghas,Gulmi,725,1994,1,5.4
234,Tamghas,Gulmi,725,1994,2,5.2
234,Tamghas,Gulmi,725,1994,3,10.9
234,Tamghas,Gulmi,725,1994,4,13.2
234,Tamghas,Gulmi,725,1994,5,15.3
234,Tamghas,Gulmi,725,1994,6,18.3
234,Tamghas,Gulmi,725,1994,7,19.4
234,Tamghas,Gulmi,725,1994,8,18.9
234,Tamghas,Gulmi,725,1994,9,17.6
234,Tamghas,Gulmi,725,1994,10,13.3
234,Tamghas,Gulmi,725,1994,11,9.4
234,Tamghas,Gulmi,725,1994,12,6.2
234,Tamghas,Gulmi,725,1995,1,4.4
234,Tamghas,Gulmi,725,1995,2,6.2
234,Tamghas,Gulmi,725,1995,3,10
234,Tamghas,Gulmi,725,1995,4,14
234,Tamghas,Gulmi,725,1995,5,18.1
234,Tamghas,Gulmi,725,1995,6,19.1
234,Tamghas,Gulmi,725,1995,7,18.9
234,Tamghas,Gulmi,725,1995,8,18.5
234,Tamghas,Gulmi,725,1995,9,17.1
234,Tamghas,Gulmi,725,1995,10,13.8
234,Tamghas,Gulmi,725,1995,11,9.2
234,Tamghas,Gulmi,725,1995,12,5.9
234,Tamghas,Gulmi,725,1997,1,3
234,Tamghas,Gulmi,725,1997,2,4.1
234,Tamghas,Gulmi,725,1997,3,8.9
234,Tamghas,Gulmi,725,1997,4,11.3
234,Tamghas,Gulmi,725,1997,5,14
234,Tamghas,Gulmi,725,1997,6,17.2
234,Tamghas,Gulmi,725,1997,7,19.1
234,Tamghas,Gulmi,725,1997,8,18.8
234,Tamghas,Gulmi,725,1997,9,17.2
234,Tamghas,Gulmi,725,1997,10,11.3
234,Tamghas,Gulmi,725,1997,11,8.9
234,Tamghas,Gulmi,725,1997,12,5
234,Tamghas,Gulmi,725,1998,1,3.9
234,Tamghas,Gulmi,725,1998,2,6.4
234,Tamghas,Gulmi,725,1998,3,8
234,Tamghas,Gulmi,725,1998,4,13.1
234,Tamghas,Gulmi,725,1998,5,16.7
234,Tamghas,Gulmi,725,1998,6,19.2
234,Tamghas,Gulmi,725,1998,7,19.2
234,Tamghas,Gulmi,725,1998,8,19.2
234,Tamghas,Gulmi,725,1998,9,17.9
234,Tamghas,Gulmi,725,1998,10,14.9
234,Tamghas,Gulmi,725,1998,11,10.5
234,Tamghas,Gulmi,725,1998,12,6.5
234,Tamghas,Gulmi,725,1999,1,5
234,Tamghas,Gulmi,725,1999,2,9.1
234,Tamghas,Gulmi,725,1999,3,10.8
234,Tamghas,Gulmi,725,1999,4,15.7
234,Tamghas,Gulmi,725,1999,5,16.5
234,Tamghas,Gulmi,725,1999,6,18
234,Tamghas,Gulmi,725,1999,7,18.6
234,Tamghas,Gulmi,725,1999,8,18.3
234,Tamghas,Gulmi,725,1999,9,17.5
234,Tamghas,Gulmi,725,1999,10,13.5
234,Tamghas,Gulmi,725,1999,11,9.4
234,Tamghas,Gulmi,725,1999,12,6.4
234,Tamghas,Gulmi,725,2000,1,4.7
234,Tamghas,Gulmi,725,2000,2,4.6
234,Tamghas,Gulmi,725,2000,3,8.3
234,Tamghas,Gulmi,725,2000,4,14.2
234,Tamghas,Gulmi,725,2000,5,16.4
234,Tamghas,Gulmi,725,2000,6,18.2
234,Tamghas,Gulmi,725,2000,7,19
234,Tamghas,Gulmi,725,2000,8,18.7
234,Tamghas,Gulmi,725,2000,9,16.9
234,Tamghas,Gulmi,725,2000,10,13.8
234,Tamghas,Gulmi,725,2000,11,9.8
234,Tamghas,Gulmi,725,2000,12,5.8
234,Tamghas,Gulmi,725,2001,1,4.1
234,Tamghas,Gulmi,725,2001,2,7
234,Tamghas,Gulmi,725,2001,3,9.7
234,Tamghas,Gulmi,725,2001,4,13.6
234,Tamghas,Gulmi,725,2001,5,15.4
234,Tamghas,Gulmi,725,2001,6,18.3
234,Tamghas,Gulmi,725,2001,7,19.5
234,Tamghas,Gulmi,725,2001,8,19.1
234,Tamghas,Gulmi,725,2001,9,17.4
234,Tamghas,Gulmi,725,2001,10,14.2
234,Tamghas,Gulmi,725,2001,11,10
234,Tamghas,Gulmi,725,2001,12,6.1
234,Tamghas,Gulmi,725,2002,1,4.8
234,Tamghas,Gulmi,725,2002,2,7.1
234,Tamghas,Gulmi,725,2002,3,10.6
234,Tamghas,Gulmi,725,2002,4,13.2
234,Tamghas,Gulmi,725,2002,5,16.2
234,Tamghas,Gulmi,725,2002,6,18.1
234,Tamghas,Gulmi,725,2002,7,19.6
234,Tamghas,Gulmi,725,2002,8,18.5
234,Tamghas,Gulmi,725,2002,9,16.6
234,Tamghas,Gulmi,725,2002,10,12.9
234,Tamghas,Gulmi,725,2002,11,9.3
234,Tamghas,Gulmi,725,2002,12,5.8
234,Tamghas,Gulmi,725,2003,1,4.1
234,Tamghas,Gulmi,725,2003,2,5.8
234,Tamghas,Gulmi,725,2003,3,8.9
234,Tamghas,Gulmi,725,2003,4,13.5
234,Tamghas,Gulmi,725,2003,5,14.2
234,Tamghas,Gulmi,725,2003,6,17.2
234,Tamghas,Gulmi,725,2003,7,18.3
234,Tamghas,Gulmi,725,2003,8,18.8
234,Tamghas,Gulmi,725,2003,9,17.2
234,Tamghas,Gulmi,725,2003,10,12.6
234,Tamghas,Gulmi,725,2003,11,8.8
234,Tamghas,Gulmi,725,2003,12,5.5
234,Tamghas,Gulmi,725,2004,1,4.1
234,Tamghas,Gulmi,725,2004,2,6.5
234,Tamghas,Gulmi,725,2004,3,12.4
234,Tamghas,Gulmi,725,2004,4,14.2
234,Tamghas,Gulmi,725,2004,5,16
234,Tamghas,Gulmi,725,2004,6,17.3
234,Tamghas,Gulmi,725,2004,7,18.5
234,Tamghas,Gulmi,725,2004,8,18.6
234,Tamghas,Gulmi,725,2004,9,17.9
234,Tamghas,Gulmi,725,2004,10,12.6
234,Tamghas,Gulmi,725,2004,11,8.3
234,Tamghas,Gulmi,725,2004,12,5.7
234,Tamghas,Gulmi,725,2005,1,4.2
234,Tamghas,Gulmi,725,2005,2,7
234,Tamghas,Gulmi,725,2005,3,10.8
234,Tamghas,Gulmi,725,2005,4,13.5
234,Tamghas,Gulmi,725,2005,5,15.1
234,Tamghas,Gulmi,725,2005,6,17.7
234,Tamghas,Gulmi,725,2005,7,18.4
234,Tamghas,Gulmi,725,2005,8,18.5
234,Tamghas,Gulmi,725,2005,9,16.9
234,Tamghas,Gulmi,725,2005,10,13.2
234,Tamghas,Gulmi,725,2005,11,8.3
234,Tamghas,Gulmi,725,2005,12,4.8
234,Tamghas,Gulmi,725,2006,1,6.2
234,Tamghas,Gulmi,725,2006,2,8.9
234,Tamghas,Gulmi,725,2006,3,10.3
234,Tamghas,Gulmi,725,2006,4,12.6
234,Tamghas,Gulmi,725,2006,5,16.5
234,Tamghas,Gulmi,725,2006,6,17.4
234,Tamghas,Gulmi,725,2006,7,19.1
234,Tamghas,Gulmi,725,2006,8,18.4
234,Tamghas,Gulmi,725,2006,9,17.3
234,Tamghas,Gulmi,725,2006,10,13.3
234,Tamghas,Gulmi,725,2006,11,9
234,Tamghas,Gulmi,725,2006,12,6
234,Tamghas,Gulmi,725,2007,1,4.2
234,Tamghas,Gulmi,725,2007,2,5.2
234,Tamghas,Gulmi,725,2007,3,8.9
234,Tamghas,Gulmi,725,2007,4,13.4
234,Tamghas,Gulmi,725,2007,5,15.9
234,Tamghas,Gulmi,725,2007,6,18.3
234,Tamghas,Gulmi,725,2007,7,18.3
234,Tamghas,Gulmi,725,2007,8,18.5
234,Tamghas,Gulmi,725,2007,9,17.2
234,Tamghas,Gulmi,725,2007,10,13.7
234,Tamghas,Gulmi,725,2007,11,8.7
234,Tamghas,Gulmi,725,2007,12,5.2
234,Tamghas,Gulmi,725,2008,1,4.4
234,Tamghas,Gulmi,725,2008,2,4.9
234,Tamghas,Gulmi,725,2008,3,10.1
234,Tamghas,Gulmi,725,2008,4,13.1
234,Tamghas,Gulmi,725,2008,5,14.3
234,Tamghas,Gulmi,725,2008,6,18
234,Tamghas,Gulmi,725,2008,7,18.9
234,Tamghas,Gulmi,725,2008,8,18.6
234,Tamghas,Gulmi,725,2008,9,16.9
234,Tamghas,Gulmi,725,2008,10,13.1
234,Tamghas,Gulmi,725,2008,11,9.5
234,Tamghas,Gulmi,725,2008,12,7.1
234,Tamghas,Gulmi,725,2009,1,6.2
234,Tamghas,Gulmi,725,2009,2,8.3
234,Tamghas,Gulmi,725,2009,3,10.1
234,Tamghas,Gulmi,725,2009,4,14.8
234,Tamghas,Gulmi,725,2009,5,15.2
234,Tamghas,Gulmi,725,2009,6,17.2
234,Tamghas,Gulmi,725,2009,7,18.9
234,Tamghas,Gulmi,725,2009,8,18.3
234,Tamghas,Gulmi,725,2009,9,16.9
234,Tamghas,Gulmi,725,2009,10,13
234,Tamghas,Gulmi,725,2009,11,9.2
234,Tamghas,Gulmi,725,2009,12,6.2
234,Tamghas,Gulmi,725,2010,1,5.6
234,Tamghas,Gulmi,725,2010,2,6.4
234,Tamghas,Gulmi,725,2010,3,12.4
234,Tamghas,Gulmi,725,2010,4,16.2
234,Tamghas,Gulmi,725,2010,5,16.1
234,Tamghas,Gulmi,725,2010,6,18.1
234,Tamghas,Gulmi,725,2010,7,18.8
234,Tamghas,Gulmi,725,2010,8,18.8
234,Tamghas,Gulmi,725,2010,9,17.3
234,Tamghas,Gulmi,725,2010,10,13.8
234,Tamghas,Gulmi,725,2010,11,10.1
234,Tamghas,Gulmi,725,2010,12,5.4
234,Tamghas,Gulmi,725,2011,1,3.6
234,Tamghas,Gulmi,725,2011,2,6.7
234,Tamghas,Gulmi,725,2011,3,10.5
234,Tamghas,Gulmi,725,2011,4,12.7
234,Tamghas,Gulmi,725,2011,5,15.6
234,Tamghas,Gulmi,725,2011,6,17.8
234,Tamghas,Gulmi,725,2011,7,18.7
234,Tamghas,Gulmi,725,2011,8,18.4
234,Tamghas,Gulmi,725,2011,9,17.5
234,Tamghas,Gulmi,725,2011,10,13.3
234,Tamghas,Gulmi,725,2011,11,9.6
234,Tamghas,Gulmi,725,2011,12,5.8
234,Tamghas,Gulmi,725,2012,1,3.9
234,Tamghas,Gulmi,725,2012,2,6.4
234,Tamghas,Gulmi,725,2012,3,9.4
234,Tamghas,Gulmi,725,2012,4,13.4
234,Tamghas,Gulmi,725,2012,5,15.8
234,Tamghas,Gulmi,725,2012,6,18.8
234,Tamghas,Gulmi,725,2012,7,19
234,Tamghas,Gulmi,725,2012,8,18.6
234,Tamghas,Gulmi,725,2012,9,17.5
234,Tamghas,Gulmi,725,2012,10,12.5
234,Tamghas,Gulmi,725,2012,11,8.1
234,Tamghas,Gulmi,725,2012,12,5.9
234,Tamghas,Gulmi,725,2013,1,4
234,Tamghas,Gulmi,725,2013,3,11
234,Tamghas,Gulmi,725,2013,4,12.9
234,Tamghas,Gulmi,725,2013,5,16.2
234,Tamghas,Gulmi,725,2013,6,18.2
234,Tamghas,Gulmi,725,2013,7,18.7
234,Tamghas,Gulmi,725,2013,8,18.8
234,Tamghas,Gulmi,725,2013,9,16.7
234,Tamghas,Gulmi,725,2013,10,13.7
234,Tamghas,Gulmi,725,2013,11,8.1
234,Tamghas,Gulmi,725,2013,12,5.5
234,Tamghas,Gulmi,725,2014,1,5
234,Tamghas,Gulmi,725,2014,2,5.9
234,Tamghas,Gulmi,725,2014,3,9.3
234,Tamghas,Gulmi,725,2014,4,13.5
234,Tamghas,Gulmi,725,2014,5,15.4
234,Tamghas,Gulmi,725,2014,6,18
234,Tamghas,Gulmi,725,2014,7,19.1
234,Tamghas,Gulmi,725,2014,8,18.3
234,Tamghas,Gulmi,725,2014,9,16.6
234,Tamghas,Gulmi,725,2014,10,12.1
234,Tamghas,Gulmi,725,2014,11,8.8
234,Tamghas,Gulmi,725,2014,12,4.6
234,Tamghas,Gulmi,725,2015,1,4.1
234,Tamghas,Gulmi,725,2015,2,6
234,Tamghas,Gulmi,725,2015,3,9
234,Tamghas,Gulmi,725,2015,4,11.2
234,Tamghas,Gulmi,725,2015,5,15.2
234,Tamghas,Gulmi,725,2015,6,18.7
234,Tamghas,Gulmi,725,2015,7,19.3
234,Tamghas,Gulmi,725,2015,8,18.5
234,Tamghas,Gulmi,725,2015,9,17.4
234,Tamghas,Gulmi,725,2015,10,13.3
234,Tamghas,Gulmi,725,2015,11,9.5
234,Tamghas,Gulmi,725,2015,12,4.7
234,Tamghas,Gulmi,725,2016,1,4.1
234,Tamghas,Gulmi,725,2016,2,7.4
234,Tamghas,Gulmi,725,2016,3,11.4
234,Tamghas,Gulmi,725,2016,4,15.1
234,Tamghas,Gulmi,725,2016,5,15.7
234,Tamghas,Gulmi,725,2016,6,18.3
234,Tamghas,Gulmi,725,2016,7,18.9
234,Tamghas,Gulmi,725,2016,8,18.5
234,Tamghas,Gulmi,725,2016,9,17.5
234,Tamghas,Gulmi,725,2016,10,13.8
234,Tamghas,Gulmi,725,2016,11,8.5
234,Tamghas,Gulmi,725,2016,12,6.4
234,Tamghas,Gulmi,725,2017,1,4.2
234,Tamghas,Gulmi,725,2017,2,6.6
234,Tamghas,Gulmi,725,2017,3,8.2
234,Tamghas,Gulmi,725,2017,4,12.7
234,Tamghas,Gulmi,725,2017,5,14.5
234,Tamghas,Gulmi,725,2017,6,17.4
234,Tamghas,Gulmi,725,2017,7,18.8
234,Tamghas,Gulmi,725,2017,8,19.1
234,Tamghas,Gulmi,725,2017,9,17.9
234,Tamghas,Gulmi,725,2017,10,14.3
234,Tamghas,Gulmi,725,2017,11,9.2
234,Tamghas,Gulmi,725,2017,12,6
234,Tamghas,Gulmi,725,2018,1,3.3
234,Tamghas,Gulmi,725,2018,2,6.9
234,Tamghas,Gulmi,725,2018,3,9.9
234,Tamghas,Gulmi,725,2018,4,12.3
234,Tamghas,Gulmi,725,2018,5,14.9
234,Tamghas,Gulmi,725,2018,6,18.4
234,Tamghas,Gulmi,725,2018,7,19
234,Tamghas,Gulmi,725,2018,8,18.4
234,Tamghas,Gulmi,725,2018,9,16.8
234,Tamghas,Gulmi,725,2018,10,11.5
234,Tamghas,Gulmi,725,2018,11,8.3
234,Tamghas,Gulmi,725,2018,12,4.4
234,Tamghas,Gulmi,725,2019,1,4
234,Tamghas,Gulmi,725,2019,2,5.4
234,Tamghas,Gulmi,725,2019,3,8.5
234,Tamghas,Gulmi,725,2019,4,13.4
234,Tamghas,Gulmi,725,2019,5,15.3
234,Tamghas,Gulmi,725,2019,6,17.1
234,Tamghas,Gulmi,725,2019,7,18.7
234,Tamghas,Gulmi,725,2019,8,18.4
234,Tamghas,Gulmi,725,2019,9,17.3
234,Tamghas,Gulmi,725,2019,10,12.5
234,Tamghas,Gulmi,725,2019,11,10.6
234,Tamghas,Gulmi,725,2019,12,4.3
